fixture,component,odd,class,iOS-Android,iOS-web,Android-web,sizes,label_ink,ink_bbox,parent,text,props
fixtures/combinations/blend-isolation.json,003_wrapper.png,iOS,IOS-ODD,"[0.9492, 0.601]","[0.9492, 0.601]","[1, 0]","{""iOS"": [390, 32], ""Android"": [390, 32], ""web"": [390, 32]}","{""iOS"": 0, ""Android"": 0, ""web"": 0}","{""iOS"": [6, 6, 188, 26], ""Android"": [6, 6, 188, 26], ""web"": [6, 6, 188, 26]}",BI_Auto,,"{""position"": ""absolute"", ""left"": ""0px"", ""top"": ""0px"", ""width"": ""200px"", ""height"": ""80px"", ""isolation"": ""auto""}"
fixtures/combinations/nested-transforms.json,000_NT_Control_ChildRotate.png,Android,ANDROID-ODD,"[0.9158, 6.484]","[0.998, 0.142]","[0.9154, 6.6]","{""iOS"": [390, 112], ""Android"": [390, 112], ""web"": [390, 112]}","{""iOS"": 0, ""Android"": 0, ""web"": 0}","{""iOS"": [67, 27, 58, 58], ""Android"": [36, 64, 57, 48], ""web"": [67, 28, 58, 56]}",,,"{""width"": ""160px"", ""height"": ""80px"", ""position"": ""relative""}"
fixtures/combinations/nested-transforms.json,001_box.png,Android,ANDROID-ODD,"[0.9546, 2.684]","[0.9971, 0.28]","[0.9542, 2.989]","{""iOS"": [390, 32], ""Android"": [390, 32], ""web"": [390, 32]}","{""iOS"": 0, ""Android"": 0, ""web"": 0}","{""iOS"": [59, 11, 42, 21], ""Android"": null, ""web"": [59, 12, 41, 20]}",NT_Control_ChildRotate,,"{""position"": ""absolute"", ""left"": ""60px"", ""top"": ""20px"", ""width"": ""40px"", ""height"": ""40px"", ""background-color"": ""#e74c3c"", ""transform"": ""rotate(45deg)""}"
fixtures/combinations/nested-transforms.json,002_NT_ParentScaleX_ChildRotate.png,Android,ANDROID-ODD,"[0.8615, 12.582]","[0.9976, 0.279]","[0.8612, 12.752]","{""iOS"": [390, 112], ""Android"": [390, 112], ""web"": [390, 112]}","{""iOS"": 0, ""Android"": 0, ""web"": 0}","{""iOS"": [39, 27, 114, 58], ""Android"": [0, 64, 90, 48], ""web"": [39, 27, 114, 58]}",,,"{""width"": ""160px"", ""height"": ""80px"", ""transform"": ""scaleX(2)"", ""position"": ""relative""}"
fixtures/combinations/nested-transforms.json,003_box.png,Android,ANDROID-ODD,"[0.9546, 2.684]","[0.9971, 0.28]","[0.9542, 2.989]","{""iOS"": [390, 32], ""Android"": [390, 32], ""web"": [390, 32]}","{""iOS"": 0, ""Android"": 0, ""web"": 0}","{""iOS"": [59, 11, 42, 21], ""Android"": null, ""web"": [59, 12, 41, 20]}",NT_Control_ChildRotate,,"{""position"": ""absolute"", ""left"": ""60px"", ""top"": ""20px"", ""width"": ""40px"", ""height"": ""40px"", ""background-color"": ""#e74c3c"", ""transform"": ""rotate(45deg)""}"
fixtures/combinations/nested-transforms.json,004_NT_ParentRotate_ChildScaleX.png,Android,ANDROID-ODD,"[0.9007, 8.157]","[0.9973, 0.211]","[0.9002, 8.397]","{""iOS"": [390, 112], ""Android"": [390, 112], ""web"": [390, 112]}","{""iOS"": 0, ""Android"": 0, ""web"": 0}","{""iOS"": [53, 13, 86, 86], ""Android"": [96, 56, 84, 56], ""web"": [53, 13, 86, 86]}",,,"{""width"": ""160px"", ""height"": ""80px"", ""transform"": ""rotate(45deg)"", ""position"": ""relative""}"
fixtures/combinations/nested-transforms.json,005_box.png,Android,ANDROID-ODD,"[0.8473, 11.667]","[1, 0]","[0.8473, 11.667]","{""iOS"": [390, 32], ""Android"": [390, 32], ""web"": [390, 32]}","{""iOS"": 0, ""Android"": 0, ""web"": 0}","{""iOS"": [40, 20, 80, 12], ""Android"": [100, 20, 80, 12], ""web"": [40, 20, 80, 12]}",NT_Control_ChildRotate,,"{""position"": ""absolute"", ""left"": ""60px"", ""top"": ""20px"", ""width"": ""40px"", ""height"": ""40px"", ""background-color"": ""#e74c3c"", ""transform"": ""rotate(45deg)""}"
fixtures/combinations/radius-overflow-transform.json,003_ROT_SelfRotate_ClippedChild.png,iOS,IOS-ODD,"[0.9301, 3.44]","[0.931, 3.088]","[0.9992, 0]","{""iOS"": [390, 140], ""Android"": [390, 140], ""web"": [390, 140]}","{""iOS"": 0, ""Android"": 0, ""web"": 0}","{""iOS"": [40, 40, 80, 60], ""Android"": [31, 21, 98, 98], ""web"": [30, 20, 100, 100]}",,,"{""width"": ""80px"", ""height"": ""60px"", ""overflow"": ""hidden"", ""transform"": ""rotate(45deg)"", ""position"": ""relative"", ""margin"": ""24px""}"
fixtures/fidelity/animations.combos.json,010_Animations_Decorated.png,web,WEB-LABEL-SPILL,"[0.9988, 0.356]","[0.9371, 1.129]","[0.9371, 1.158]","{""iOS"": [390, 62], ""Android"": [390, 62], ""web"": [390, 62]}","{""iOS"": 0, ""Android"": 0, ""web"": 170}","{""iOS"": [15, 14, 52, 34], ""Android"": [15, 14, 52, 34], ""web"": [15, 14, 139, 39]}",,,"{""background-color"": ""#16a085"", ""border-radius"": ""6px"", ""box-shadow"": ""inset 0 2px 6px rgba(0,0,0,0.4)"", ""opacity"": ""0.7"", ""transform"": ""rotate(6deg)"", ""padding"": ""12px"", ""animation-composition"": ""add"", ""animation-delay"": ""-1.5s""}"
fixtures/fidelity/appearance.combos.json,001_Appearance_BoxModel.png,web,WEB-ODD,"[1, 0]","[0.9984, 2.336]","[0.9988, 2.336]","{""iOS"": [390, 144], ""Android"": [390, 144], ""web"": [390, 144]}","{""iOS"": 0, ""Android"": 0, ""web"": 0}","{""iOS"": [24, 24, 240, 96], ""Android"": [24, 24, 240, 96], ""web"": [24, 24, 240, 96]}",,,"{""width"": ""240px"", ""height"": ""96px"", ""padding"": ""20px"", ""margin"": ""8px"", ""border"": ""4px double #8e44ad"", ""background-color"": ""#e74c3c"", ""appearance"": ""menulist"", ""appearance-variant"": ""button""}"
fixtures/fidelity/appearance.combos.json,003_Appearance_Decorated.png,web,WEB-LABEL-SPILL,"[0.9977, 0.353]","[0.919, 1.41]","[0.9205, 1.47]","{""iOS"": [390, 64], ""Android"": [390, 64], ""web"": [390, 64]}","{""iOS"": 0, ""Android"": 0, ""web"": 286}","{""iOS"": [13, 14, 56, 36], ""Android"": [13, 14, 57, 37], ""web"": [13, 14, 167, 37]}",,,"{""background-color"": ""#3498db"", ""border-radius"": ""50%"", ""box-shadow"": ""2px 2px 6px rgba(0,0,0,0.35)"", ""opacity"": ""0.85"", ""transform"": ""scale(1.1)"", ""padding"": ""16px 24px"", ""appearance"": ""progress-bar"", ""appearance-variant"": ""button""}"
fixtures/fidelity/background.combos.json,005_Background_Decorated.png,three-way,THREE-WAY-ODD,"[0.9922, 4.69]","[0.9235, 2.006]","[0.9204, 5.074]","{""iOS"": [390, 62], ""Android"": [390, 62], ""web"": [390, 62]}","{""iOS"": 5, ""Android"": 14, ""web"": 305}","{""iOS"": [26, 27, 42, 15], ""Android"": [16, 17, 54, 32], ""web"": [26, 27, 140, 21]}",,,"{""background-color"": ""#e74c3c"", ""border-radius"": ""12px"", ""box-shadow"": ""2px 2px 6px rgba(0,0,0,0.35)"", ""opacity"": ""0.7"", ""transform"": ""scale(1.1)"", ""padding"": ""12px"", ""background-attachment"": ""fixed"", ""background-clip"": ""content-box""}"
fixtures/fidelity/borders.combos.json,013_Borders_C14_CornerShape.png,three-way,THREE-WAY-ODD,"[0.9809, 2.756]","[0.9753, 6.859]","[0.9968, 4.111]","{""iOS"": [390, 96], ""Android"": [390, 96], ""web"": [390, 96]}","{""iOS"": 0, ""Android"": 0, ""web"": 0}","{""iOS"": [15, 15, 202, 66], ""Android"": [15, 15, 202, 66], ""web"": [15, 15, 202, 66]}",,,"{""corner-shape"": ""bevel"", ""outline-color"": ""crimson"", ""outline-offset"": ""-4px"", ""outline-style"": ""ridge"", ""outline-width"": ""thick"", ""width"": ""200px"", ""height"": ""64px"", ""background-color"": ""#f39c12""}"
fixtures/fidelity/borders.combos.json,016_Borders_Decorated.png,three-way,THREE-WAY-ODD,"[0.9894, 7.463]","[0.9313, 1.251]","[0.9338, 8.147]","{""iOS"": [390, 75], ""Android"": [390, 75], ""web"": [390, 75]}","{""iOS"": 1, ""Android"": 0, ""web"": 213}","{""iOS"": [10, 10, 62, 55], ""Android"": [10, 10, 62, 55], ""web"": [10, 10, 145, 55]}",,,"{""background-color"": ""#f39c12"", ""border-radius"": ""50%"", ""box-shadow"": ""0 0 0 3px #3498db"", ""opacity"": ""0.85"", ""transform"": ""scale(1.1)"", ""padding"": ""20px"", ""border-block-end-color"": ""#111"", ""border-block-end-style"": ""dotted""}"
fixtures/fidelity/color.combos.json,004_Color_Decorated.png,web,WEB-LABEL-SPILL,"[0.9975, 0.91]","[0.9487, 0.918]","[0.9489, 1.696]","{""iOS"": [390, 62], ""Android"": [390, 62], ""web"": [390, 62]}","{""iOS"": 0, ""Android"": 0, ""web"": 133}","{""iOS"": [13, 14, 56, 34], ""Android"": [13, 14, 56, 34], ""web"": [13, 14, 120, 34]}",,,"{""background-color"": ""#e67e22"", ""border-radius"": ""12px"", ""box-shadow"": ""inset 0 2px 6px rgba(0,0,0,0.4)"", ""opacity"": ""0.7"", ""transform"": ""scale(1.1)"", ""padding"": ""12px"", ""accent-color"": ""red"", ""background-blend-mode"": ""screen""}"
fixtures/fidelity/columns.combos.json,004_Columns_Decorated.png,web,NATIVES-WIDER,"[0.9968, 0.405]","[0.4885, 50.011]","[0.492, 51.903]","{""iOS"": [390, 62], ""Android"": [390, 62], ""web"": [390, 69]}","{""iOS"": 0, ""Android"": 0, ""web"": 0}","{""iOS"": [0, 14, 390, 34], ""Android"": [0, 14, 390, 35], ""web"": [13, 14, 133, 41]}",,,"{""background-color"": ""#e67e22"", ""border-radius"": ""12px"", ""box-shadow"": ""0 4px 8px rgba(0,0,0,0.25)"", ""opacity"": ""0.55"", ""transform"": ""scale(1.1)"", ""padding"": ""12px"", ""column-count"": ""3"", ""column-fill"": ""balance-all""}"
fixtures/fidelity/container.combos.json,003_Container_Decorated.png,web,WEB-LABEL-SPILL,"[0.999, 0.139]","[0.9496, 0.83]","[0.9492, 1.168]","{""iOS"": [390, 72], ""Android"": [390, 72], ""web"": [390, 72]}","{""iOS"": 0, ""Android"": 0, ""web"": 0}","{""iOS"": [15, 14, 52, 44], ""Android"": [15, 14, 53, 45], ""web"": [14, 14, 142, 47]}",,,"{""background-color"": ""#16a085"", ""border-radius"": ""6px"", ""box-shadow"": ""2px 2px 6px rgba(0,0,0,0.35)"", ""opacity"": ""0.55"", ""transform"": ""rotate(6deg)"", ""padding"": ""20px"", ""container"": ""inline-size"", ""container-name"": ""sidebar card""}"
fixtures/fidelity/counters.combos.json,003_Counters_Decorated.png,web,WEB-LABEL-SPILL,"[0.9965, 1.311]","[0.9298, 1.183]","[0.9285, 2.229]","{""iOS"": [390, 62], ""Android"": [390, 62], ""web"": [390, 62]}","{""iOS"": 0, ""Android"": 0, ""web"": 235}","{""iOS"": [13, 14, 56, 34], ""Android"": [13, 14, 56, 34], ""web"": [13, 14, 140, 34]}",,,"{""background-color"": ""#3498db"", ""border-radius"": ""24px 8px"", ""box-shadow"": ""inset 0 2px 6px rgba(0,0,0,0.4)"", ""opacity"": ""0.85"", ""transform"": ""scale(1.1)"", ""padding"": ""12px"", ""counter-increment"": ""section"", ""counter-reset"": ""chapter 0 section 0""}"
fixtures/fidelity/experimental.combos.json,003_Experimental_Decorated.png,web,WEB-LABEL-SPILL,"[0.9966, 1.303]","[0.9237, 1.369]","[0.9216, 2.519]","{""iOS"": [390, 62], ""Android"": [390, 62], ""web"": [390, 62]}","{""iOS"": 0, ""Android"": 0, ""web"": 234}","{""iOS"": [13, 14, 56, 34], ""Android"": [13, 14, 56, 34], ""web"": [13, 14, 162, 34]}",,,"{""background-color"": ""#f39c12"", ""border-radius"": ""24px 8px"", ""box-shadow"": ""inset 0 2px 6px rgba(0,0,0,0.4)"", ""opacity"": ""0.7"", ""transform"": ""scale(1.1)"", ""padding"": ""8px"", ""presentation-level"": ""-2"", ""running"": ""header""}"
fixtures/fidelity/images.combos.json,001_Images_BoxModel.png,web,WEB-ODD,"[1, 0]","[0.9992, 2.019]","[0.9992, 2.019]","{""iOS"": [390, 128], ""Android"": [390, 128], ""web"": [390, 128]}","{""iOS"": 0, ""Android"": 0, ""web"": 0}","{""iOS"": [24, 24, 180, 80], ""Android"": [24, 24, 180, 80], ""web"": [24, 24, 180, 80]}",,,"{""width"": ""180px"", ""height"": ""80px"", ""padding"": ""8px"", ""margin"": ""8px"", ""border"": ""4px double #8e44ad"", ""background-color"": ""#9b59b6"", ""image-rendering"": ""smooth"", ""object-fit"": ""scale-down""}"
fixtures/fidelity/images.combos.json,003_Images_Decorated.png,Android,ANDROID-ODD,"[0.9794, 5.567]","[0.9531, 0.715]","[0.9443, 6.315]","{""iOS"": [390, 62], ""Android"": [390, 62], ""web"": [390, 62]}","{""iOS"": 0, ""Android"": 0, ""web"": 1}","{""iOS"": [19, 17, 56, 36], ""Android"": [19, 17, 56, 36], ""web"": [19, 17, 118, 36]}",,,"{""background-color"": ""#e74c3c"", ""border-radius"": ""50%"", ""box-shadow"": ""0 0 0 3px #3498db"", ""opacity"": ""0.55"", ""transform"": ""translate(6px, 4px)"", ""padding"": ""12px"", ""image-rendering"": ""smooth"", ""object-fit"": ""none""}"
fixtures/fidelity/interactions.combos.json,005_Interactions_Decorated.png,web,WEB-LABEL-SPILL,"[0.9985, 0.175]","[0.9342, 0.958]","[0.9352, 1.029]","{""iOS"": [390, 72], ""Android"": [390, 72], ""web"": [390, 72]}","{""iOS"": 0, ""Android"": 0, ""web"": 244}","{""iOS"": [15, 15, 52, 43], ""Android"": [15, 14, 53, 45], ""web"": [15, 14, 158, 49]}",,,"{""background-color"": ""#2ecc71"", ""border-radius"": ""12px"", ""box-shadow"": ""2px 2px 6px rgba(0,0,0,0.35)"", ""opacity"": ""0.85"", ""transform"": ""rotate(6deg)"", ""padding"": ""20px"", ""caret"": ""bar #0a84ff"", ""caret-shape"": ""block""}"
fixtures/fidelity/layout.combos.json,000_Layout_C01_AlignContent.png,three-way,THREE-WAY-ODD,"[0.9018, 1.923]","[0.9067, 1.923]","[0.9168, 1.923]","{""iOS"": [390, 80], ""Android"": [390, 80], ""web"": [390, 80]}","{""iOS"": 0, ""Android"": 300, ""web"": 300}","{""iOS"": [16, 16, 180, 48], ""Android"": [16, 16, 325, 61], ""web"": [16, 16, 180, 61]}",,,"{""align-content"": ""flex-end"", ""align-items"": ""end"", ""align-self"": ""flex-end"", ""width"": ""180px"", ""height"": ""48px"", ""background-color"": ""#2ecc71""}"
fixtures/fidelity/layout.combos.json,010_Layout_C11_InsetInlineStart.png,web,WEB-ODD,"[1, 0]","[0.9401, 1.196]","[0.9404, 1.196]","{""iOS"": [390, 128], ""Android"": [390, 128], ""web"": [390, 128]}","{""iOS"": 0, ""Android"": 0, ""web"": 120}","{""iOS"": [16, 16, 240, 96], ""Android"": [16, 16, 240, 96], ""web"": [16, 16, 289, 96]}",,,"{""inset-inline-start"": ""auto"", ""justify-content"": ""left"", ""justify-items"": ""center"", ""width"": ""240px"", ""height"": ""96px"", ""background-color"": ""#f39c12""}"
fixtures/fidelity/layout.combos.json,013_Layout_C14_OffsetPath.png,iOS,IOS-ODD,"[0.9304, 4.431]","[0.93, 4.263]","[0.9982, 0.198]","{""iOS"": [390, 96], ""Android"": [390, 96], ""web"": [390, 96]}","{""iOS"": 0, ""Android"": 0, ""web"": 0}","{""iOS"": [0, 0, 78, 78], ""Android"": [0, 0, 45, 45], ""web"": [0, 0, 45, 45]}",,,"{""offset-path"": ""ray(45deg)"", ""offset-position"": ""left top"", ""offset-rotate"": ""reverse"", ""width"": ""180px"", ""height"": ""64px"", ""background-color"": ""#f39c12""}"
fixtures/fidelity/layout.combos.json,020_Layout_TextBlock.png,Android,ANDROID-ODD,"[0.8911, 1.53]","[1, 0]","[0.8912, 1.53]","{""iOS"": [390, 64], ""Android"": [390, 64], ""web"": [390, 64]}","{""iOS"": 208, ""Android"": 208, ""web"": 208}","{""iOS"": [16, 16, 200, 32], ""Android"": [16, 16, 203, 32], ""web"": [16, 16, 200, 32]}",,,"{""color"": ""#f9fafb"", ""font-family"": ""sans-serif"", ""font-size"": ""14px"", ""line-height"": ""1.4"", ""text-align"": ""left"", ""padding"": ""16px 24px"", ""width"": ""200px"", ""background-color"": ""#1f2937"", ""align-content"": ""stretch"", ""align-items"": ""center""}"
fixtures/fidelity/layout.combos.json,021_Layout_Decorated.png,web,WEB-LABEL-SPILL,"[0.9951, 1.859]","[0.9408, 1.034]","[0.9396, 2.68]","{""iOS"": [390, 64], ""Android"": [390, 64], ""web"": [390, 64]}","{""iOS"": 0, ""Android"": 0, ""web"": 207}","{""iOS"": [13, 14, 56, 36], ""Android"": [13, 14, 56, 36], ""web"": [13, 14, 140, 36]}",,,"{""background-color"": ""#f39c12"", ""border-radius"": ""50%"", ""box-shadow"": ""inset 0 2px 6px rgba(0,0,0,0.4)"", ""opacity"": ""0.7"", ""transform"": ""scale(1.1)"", ""padding"": ""16px 24px"", ""align-content"": ""space-between"", ""align-items"": ""self-end""}"
fixtures/fidelity/math.combos.json,001_Math_BoxModel.png,web,WEB-ODD,"[1, 0]","[0.9987, 3.263]","[0.9987, 3.263]","{""iOS"": [390, 88], ""Android"": [390, 88], ""web"": [390, 88]}","{""iOS"": 0, ""Android"": 0, ""web"": 0}","{""iOS"": [20, 20, 240, 48], ""Android"": [20, 20, 240, 48], ""web"": [20, 20, 240, 48]}",,,"{""width"": ""240px"", ""height"": ""48px"", ""padding"": ""16px 24px"", ""margin"": ""4px"", ""border"": ""4px double #8e44ad"", ""background-color"": ""#9b59b6"", ""math-depth"": ""2"", ""math-shift"": ""compact""}"
fixtures/fidelity/motion/keyframes-basic.json,000_MK_Fade.png,three-way,THREE-WAY-ODD,"[0.8335, 18.462]","[0.8536, 18.462]","[0.9939, 18.462]","{""iOS"": [390, 80], ""Android"": [390, 80], ""web"": [390, 80]}","{""iOS"": 0, ""Android"": 0, ""web"": 0}","{""iOS"": null, ""Android"": [16, 16, 120, 48], ""web"": [16, 16, 120, 48]}",,,"{""width"": ""120px"", ""height"": ""48px"", ""background-color"": ""#c0392b"", ""animation-name"": ""motion-fade"", ""animation-duration"": ""1s"", ""animation-fill-mode"": ""both""}"
fixtures/fidelity/motion/keyframes-basic.json,001_MK_Slide.png,three-way,THREE-WAY-ODD,"[0.789, 20.067]","[0.8068, 17.536]","[0.9197, 3.701]","{""iOS"": [390, 92], ""Android"": [390, 92], ""web"": [390, 92]}","{""iOS"": 0, ""Android"": 0, ""web"": 0}","{""iOS"": [16, 16, 60, 60], ""Android"": [80, 16, 60, 60], ""web"": [69, 16, 61, 60]}",,,"{""width"": ""60px"", ""height"": ""60px"", ""background-color"": ""#16a085"", ""animation-name"": ""motion-slide"", ""animation-duration"": ""1s"", ""animation-timing-function"": ""linear"", ""animation-fill-mode"": ""both""}"
fixtures/fidelity/motion/keyframes-basic.json,002_MK_Pulse.png,three-way,THREE-WAY-ODD,"[0.8065, 8.843]","[0.7891, 16.271]","[0.8424, 7.721]","{""iOS"": [390, 72], ""Android"": [390, 72], ""web"": [390, 72]}","{""iOS"": 0, ""Android"": 0, ""web"": 0}","{""iOS"": [15, 15, 82, 42], ""Android"": [2, 9, 108, 54], ""web"": [0, 4, 120, 64]}",,,"{""width"": ""80px"", ""height"": ""40px"", ""background-color"": ""#f39c12"", ""animation-name"": ""motion-pulse"", ""animation-duration"": ""1s"", ""animation-fill-mode"": ""both""}"
fixtures/fidelity/motion/keyframes-basic.json,003_MK_ColorShift.png,three-way,THREE-WAY-ODD,"[0.9985, 26.107]","[0.9993, 26.107]","[0.9999, 26.107]","{""iOS"": [390, 88], ""Android"": [390, 88], ""web"": [390, 88]}","{""iOS"": 0, ""Android"": 174, ""web"": 8960}","{""iOS"": [16, 16, 160, 56], ""Android"": [16, 16, 160, 56], ""web"": [16, 16, 160, 56]}",,,"{""width"": ""160px"", ""height"": ""56px"", ""animation-name"": ""motion-color"", ""animation-duration"": ""1s"", ""animation-timing-function"": ""linear"", ""animation-fill-mode"": ""both""}"
fixtures/fidelity/motion/keyframes-basic.json,004_MK_Multi.png,three-way,THREE-WAY-ODD,"[0.8542, 21.289]","[0.8818, 19.652]","[0.9269, 15.695]","{""iOS"": [390, 76], ""Android"": [390, 76], ""web"": [390, 76]}","{""iOS"": 0, ""Android"": 0, ""web"": 0}","{""iOS"": [16, 16, 100, 44], ""Android"": [62, 16, 101, 44], ""web"": [51, 16, 101, 44]}",,,"{""width"": ""100px"", ""height"": ""44px"", ""animation-name"": ""motion-multi"", ""animation-duration"": ""1s"", ""animation-timing-function"": ""linear"", ""animation-fill-mode"": ""both""}"
fixtures/fidelity/motion/keyframes-basic.json,005_MK_ThreeStop.png,iOS,IOS-ODD,"[0.8385, 14.759]","[0.8409, 14.487]","[0.9878, 0.271]","{""iOS"": [390, 68], ""Android"": [390, 68], ""web"": [390, 68]}","{""iOS"": 0, ""Android"": 0, ""web"": 0}","{""iOS"": [16, 16, 40, 36], ""Android"": [16, 16, 148, 36], ""web"": [16, 16, 146, 36]}",,,"{""height"": ""36px"", ""background-color"": ""#8e44ad"", ""animation-name"": ""motion-steps"", ""animation-duration"": ""1s"", ""animation-timing-function"": ""linear"", ""animation-fill-mode"": ""both""}"
fixtures/fidelity/motion/keyframes-basic.json,006_MK_Alternate.png,three-way,THREE-WAY-ODD,"[0.8243, 17.37]","[0.853, 13.069]","[0.9132, 4.897]","{""iOS"": [390, 62], ""Android"": [390, 62], ""web"": [390, 62]}","{""iOS"": 125, ""Android"": 125, ""web"": 125}","{""iOS"": [16, 16, 70, 30], ""Android"": [88, 16, 70, 30], ""web"": [69, 16, 70, 30]}",,,"{""width"": ""70px"", ""height"": ""30px"", ""background-color"": ""#2c3e50"", ""animation-name"": ""motion-slide"", ""animation-duration"": ""1s"", ""animation-iteration-count"": ""2"", ""animation-direction"": ""alternate"", ""animation-timing-function"": ""linear"", ""animation-fill-mode"": ""both""}"
fixtures/fidelity/motion/keyframes-basic.json,007_MK_FillBoth.png,Android,ANDROID-ODD,"[0.987, 22.222]","[1, 0]","[0.987, 22.222]","{""iOS"": [390, 84], ""Android"": [390, 84], ""web"": [390, 84]}","{""iOS"": 0, ""Android"": 0, ""web"": 0}","{""iOS"": null, ""Android"": [16, 16, 140, 52], ""web"": null}",,,"{""width"": ""140px"", ""height"": ""52px"", ""background-color"": ""#d35400"", ""animation-name"": ""motion-fade"", ""animation-duration"": ""1s"", ""animation-delay"": ""0.5s"", ""animation-fill-mode"": ""both""}"
fixtures/fidelity/navigation.combos.json,003_Navigation_Decorated.png,web,WEB-LABEL-SPILL,"[0.997, 0.988]","[0.9265, 1.261]","[0.9265, 2.039]","{""iOS"": [390, 62], ""Android"": [390, 62], ""web"": [390, 62]}","{""iOS"": 0, ""Android"": 0, ""web"": 200}","{""iOS"": [13, 14, 56, 34], ""Android"": [13, 14, 56, 34], ""web"": [13, 14, 149, 34]}",,,"{""background-color"": ""#9b59b6"", ""border-radius"": ""12px"", ""box-shadow"": ""inset 0 2px 6px rgba(0,0,0,0.4)"", ""opacity"": ""0.85"", ""transform"": ""scale(1.1)"", ""padding"": ""8px"", ""nav-down"": ""auto"", ""nav-left"": ""#prev""}"
fixtures/fidelity/pairwise/pairs-01.json,002_PW_Background_Borders_03.png,iOS,IOS-ODD,"[0.9428, 1.699]","[0.9429, 1.699]","[1, 0]","{""iOS"": [390, 80], ""Android"": [390, 80], ""web"": [390, 80]}","{""iOS"": 0, ""Android"": 0, ""web"": 0}","{""iOS"": [15, 16, 201, 48], ""Android"": [16, 16, 200, 48], ""web"": [16, 16, 200, 48]}",,,"{""background-clip"": ""border-box"", ""background-size"": ""cover"", ""outline-width"": ""0.5rem"", ""border-left-width"": ""0.5px"", ""width"": ""200px"", ""height"": ""48px"", ""background-color"": ""#2ecc71""}"
fixtures/fidelity/pairwise/pairs-01.json,008_PW_Background_Effects_01.png,Android,ANDROID-ODD,"[0.7748, 26.923]","[1, 0]","[0.7748, 26.923]","{""iOS"": [390, 128], ""Android"": [390, 128], ""web"": [390, 128]}","{""iOS"": 286, ""Android"": 0, ""web"": 286}","{""iOS"": [24, 22, 119, 7], ""Android"": [16, 16, 140, 96], ""web"": [24, 22, 119, 7]}",,,"{""background-clip"": ""text"", ""background-origin"": ""border-box"", ""mask-position"": ""center center"", ""overflow-x"": ""hidden"", ""mask-mode"": ""match-source"", ""width"": ""140px"", ""height"": ""96px"", ""background-color"": ""#3498db""}"
fixtures/fidelity/pairwise/pairs-01.json,011_PW_Background_Effects_04.png,iOS,IOS-ODD,"[0.9976, 17.837]","[0.9975, 17.848]","[0.9993, 0]","{""iOS"": [390, 112], ""Android"": [390, 112], ""web"": [390, 112]}","{""iOS"": 0, ""Android"": 0, ""web"": 0}","{""iOS"": [16, 16, 200, 80], ""Android"": [16, 16, 200, 80], ""web"": [16, 16, 200, 80]}",,,"{""background-image"": ""radial-gradient(circle, red, blue)"", ""background-size"": ""100px"", ""mask-border-slice"": ""30"", ""backdrop-filter"": ""none"", ""mask-position-x"": ""left"", ""width"": ""200px"", ""height"": ""80px"", ""background-color"": ""#e74c3c""}"
fixtures/fidelity/pairwise/pairs-01.json,025_PW_Background_Shapes_02.png,web,WEB-ODD,"[0.9989, 0]","[0.9941, 2.804]","[0.994, 2.804]","{""iOS"": [390, 112], ""Android"": [390, 112], ""web"": [390, 112]}","{""iOS"": 0, ""Android"": 0, ""web"": 0}","{""iOS"": [16, 16, 140, 80], ""Android"": [16, 16, 140, 80], ""web"": [16, 16, 140, 80]}",,,"{""background-position-block"": ""25%"", ""background-image"": ""linear-gradient(in oklab, red, blue)"", ""background-size"": ""100px 50px"", ""shape-outside"": ""border-box"", ""shape-inside"": ""circle(50%)"", ""shape-padding"": ""3%"", ""width"": ""140px"", ""height"": ""80px"", ""background-color"": ""#e74c3c""}"
fixtures/fidelity/pairwise/pairs-01.json,031_PW_Background_Sizing_04.png,Android,ANDROID-ODD,"[0.7898, 22.161]","[1, 0]","[0.7898, 22.161]","{""iOS"": [390, 112], ""Android"": [390, 112], ""web"": [390, 112]}","{""iOS"": 0, ""Android"": 0, ""web"": 0}","{""iOS"": [16, 16, 300, 80], ""Android"": [16, 16, 179, 80], ""web"": [16, 16, 300, 80]}",,,"{""background-clip"": ""content-box"", ""background-position-inline"": ""75%"", ""min-block-size"": ""80px"", ""min-inline-size"": ""300px"", ""inline-size"": ""50%"", ""height"": ""64px"", ""background-color"": ""#e67e22""}"
fixtures/fidelity/pairwise/pairs-01.json,034_PW_Background_Spacing_03.png,web,SIZE-MISMATCH,"[1, 0]","[0.9769, 3.012]","[0.977, 3.012]","{""iOS"": [390, 332], ""Android"": [390, 332], ""web"": [390, 322]}","{""iOS"": 0, ""Android"": 0, ""web"": 0}","{""iOS"": [16, 6, 180, 300], ""Android"": [16, 6, 180, 300], ""web"": [16, 6, 180, 300]}",,,"{""background-position-inline"": ""75%"", ""background-position"": ""right bottom"", ""margin-inline-end"": ""20px"", ""margin-top"": ""-10px"", ""min-height"": ""300px"", ""width"": ""180px"", ""height"": ""96px"", ""background-color"": ""#1abc9c""}"
fixtures/fidelity/pairwise/pairs-01.json,038_PW_Background_Transforms_03.png,Android,ANDROID-ODD,"[0.8261, 11.298]","[0.9903, 0.948]","[0.8245, 11.046]","{""iOS"": [390, 112], ""Android"": [390, 112], ""web"": [390, 112]}","{""iOS"": 0, ""Android"": 0, ""web"": 0}","{""iOS"": [0, 0, 272, 112], ""Android"": [35, 0, 202, 112], ""web"": [0, 0, 272, 112]}",,,"{""background-position-x"": ""right"", ""background-origin"": ""padding-box"", ""perspective"": ""500px"", ""transform"": ""rotateZ(45deg)"", ""scale"": ""120% 80%"", ""width"": ""240px"", ""height"": ""80px"", ""background-color"": ""#e67e22""}"
fixtures/fidelity/pairwise/pairs-02.json,000_PW_Borders_Color_01.png,iOS,IOS-ODD,"[0.9137, 4.995]","[0.9137, 4.995]","[1, 0]","{""iOS"": [390, 96], ""Android"": [390, 96], ""web"": [390, 96]}","{""iOS"": 1428, ""Android"": 0, ""web"": 0}","{""iOS"": [15, 15, 182, 65], ""Android"": [16, 16, 180, 64], ""web"": [16, 16, 180, 64]}",,,"{""border-inline-start-color"": ""#111"", ""border-block-start-width"": ""6px"", ""border-inline-end-width"": ""6px"", ""background-color"": ""#a78bfa"", ""accent-color"": ""red"", ""width"": ""180px"", ""height"": ""64px""}"
fixtures/fidelity/pairwise/pairs-02.json,001_PW_Borders_Color_02.png,Android,ANDROID-ODD,"[0.9657, 4.436]","[0.9987, 0]","[0.9602, 5.846]","{""iOS"": [390, 80], ""Android"": [390, 80], ""web"": [390, 80]}","{""iOS"": 0, ""Android"": 0, ""web"": 0}","{""iOS"": [13, 13, 186, 54], ""Android"": [16, 16, 180, 48], ""web"": [12, 12, 188, 56]}",,,"{""border-bottom-color"": ""#111"", ""outline-offset"": ""0"", ""filter"": ""blur(2px) brightness(1.1) contrast(1.2) saturate(1.3) hue-rotate(30deg)"", ""background-color"": ""#8e44ad"", ""width"": ""180px"", ""height"": ""48px""}"
fixtures/fidelity/pairwise/pairs-02.json,003_PW_Borders_Color_04.png,iOS,IOS-ODD,"[0.9542, 3.389]","[0.9536, 3.392]","[0.9994, 0]","{""iOS"": [390, 96], ""Android"": [390, 96], ""web"": [390, 96]}","{""iOS"": 64, ""Android"": 0, ""web"": 0}","{""iOS"": [16, 16, 143, 67], ""Android"": [16, 16, 143, 67], ""web"": [16, 16, 143, 67]}",,,"{""border-left-width"": ""thin"", ""border-image-repeat"": ""repeat"", ""border-bottom-width"": ""0.25rem"", ""background-color"": ""color(srgb 0.9 0.3 0.4)"", ""accent-color"": ""red"", ""filter"": ""drop-shadow(2px 2px 4px rgba(0,0,0,0.5))"", ""width"": ""140px"", ""height"": ""64px""}"
fixtures/fidelity/pairwise/pairs-02.json,005_PW_Borders_Effects_02.png,three-way,THREE-WAY-ODD,"[0.8823, 8.122]","[0.8354, 11.631]","[0.905, 7.91]","{""iOS"": [390, 80], ""Android"": [390, 80], ""web"": [390, 80]}","{""iOS"": 0, ""Android"": 0, ""web"": 0}","{""iOS"": [63, 17, 46, 46], ""Android"": [27, 16, 62, 48], ""web"": [27, 16, 118, 48]}",,,"{""border-left-style"": ""solid"", ""border-top-right-radius"": ""16px"", ""mask-border-width"": ""2"", ""mask-image"": ""radial-gradient(circle at 30% 50%, black 30%, transparent 31%), radial-gradient(circle at 70% 50%, black 30%, transparent 31%)"", ""width"": ""140px"", ""height"": ""48px"", ""background-color"": ""#e74c3c""}"
fixtures/fidelity/pairwise/pairs-02.json,006_PW_Borders_Effects_03.png,partial:iOS-web,PARTIAL:IOS-WEB-ODD,"[0.976, 1.99]","[0.9714, 2.019]","[0.9949, 0.016]","{""iOS"": [390, 80], ""Android"": [390, 80], ""web"": [390, 80]}","{""iOS"": 778, ""Android"": 90, ""web"": 216}","{""iOS"": [16, 16, 140, 48], ""Android"": [16, 16, 140, 49], ""web"": [16, 16, 140, 48]}",,,"{""border-block-end-style"": ""dotted"", ""border-top-right-radius"": ""25%"", ""border-right-width"": ""14px"", ""mask-border-width"": ""10px"", ""mask-type"": ""alpha"", ""mask-repeat"": ""repeat-x"", ""width"": ""140px"", ""height"": ""48px"", ""background-color"": ""#1abc9c""}"
fixtures/fidelity/pairwise/pairs-02.json,009_PW_Borders_Images_02.png,web,WEB-ODD,"[0.9999, 0]","[0.9273, 7.337]","[0.9271, 7.49]","{""iOS"": [390, 80], ""Android"": [390, 80], ""web"": [390, 80]}","{""iOS"": 0, ""Android"": 0, ""web"": 312}","{""iOS"": [16, 16, 180, 48], ""Android"": [16, 16, 180, 48], ""web"": [16, 16, 180, 48]}",,,"{""border-top-style"": ""dashed"", ""box-shadow"": ""inset 0 0 8px 4px #111"", ""outline-color"": ""crimson"", ""object-position"": ""center"", ""image-rendering"": ""pixelated"", ""width"": ""180px"", ""height"": ""48px"", ""background-color"": ""#f39c12""}"
fixtures/fidelity/pairwise/pairs-02.json,010_PW_Borders_Images_03.png,iOS,IOS-ODD,"[0.8882, 5.27]","[0.8881, 5.288]","[0.9999, 0]","{""iOS"": [390, 112], ""Android"": [390, 112], ""web"": [390, 112]}","{""iOS"": 1920, ""Android"": 0, ""web"": 0}","{""iOS"": [15, 15, 242, 81], ""Android"": [16, 16, 240, 80], ""web"": [16, 16, 240, 80]}",,,"{""border-top-width"": ""8px"", ""border-top-right-radius"": ""50% 30%"", ""border-inline-start-color"": ""#111"", ""image-rendering"": ""auto"", ""object-position"": ""25% 75%"", ""object-fit"": ""contain"", ""width"": ""240px"", ""height"": ""80px"", ""background-color"": ""#1abc9c""}"
fixtures/fidelity/pairwise/pairs-02.json,012_PW_Borders_Layout_01.png,web,WEB-ODD,"[0.9994, 0.002]","[0.9046, 1.321]","[0.9048, 1.326]","{""iOS"": [390, 112], ""Android"": [390, 112], ""web"": [390, 112]}","{""iOS"": 1748, ""Android"": 1746, ""web"": 1788}","{""iOS"": [13, 13, 206, 86], ""Android"": [13, 13, 206, 86], ""web"": [13, 13, 206, 86]}",,,"{""border-image-width"": ""10px 20px 30px 40px"", ""border-block-start-style"": ""solid"", ""outline-style"": ""dashed"", ""position-try-options"": ""flip-block"", ""flex-wrap"": ""nowrap"", ""width"": ""200px"", ""height"": ""80px"", ""background-color"": ""#1abc9c""}"
fixtures/fidelity/pairwise/pairs-02.json,020_PW_Borders_Shapes_01.png,iOS,IOS-ODD,"[0.9088, 3.253]","[0.909, 3.261]","[0.9998, 0]","{""iOS"": [390, 96], ""Android"": [390, 96], ""web"": [390, 96]}","{""iOS"": 920, ""Android"": 128, ""web"": 128}","{""iOS"": [16, 16, 200, 64], ""Android"": [16, 16, 200, 64], ""web"": [16, 16, 200, 64]}",,,"{""border-block-start-width"": ""4px"", ""border-inline-start-style"": ""double"", ""border-start-end-radius"": ""32px"", ""shape-inside"": ""circle(50%)"", ""shape-outside"": ""border-box"", ""shape-padding"": ""8px"", ""width"": ""200px"", ""height"": ""64px"", ""background-color"": ""#9b59b6""}"
fixtures/fidelity/pairwise/pairs-02.json,024_PW_Borders_Sizing_01.png,iOS,IOS-ODD,"[0.8774, 2.163]","[0.8775, 2.163]","[1, 0]","{""iOS"": [390, 32], ""Android"": [390, 32], ""web"": [390, 32]}","{""iOS"": 0, ""Android"": 270, ""web"": 270}","{""iOS"": null, ""Android"": [24, 22, 118, 7], ""web"": [24, 22, 118, 7]}",,,"{""border-start-start-radius"": ""50%"", ""outline-color"": ""crimson"", ""max-inline-size"": ""150px"", ""min-inline-size"": ""250px"", ""block-size"": ""auto"", ""width"": ""140px"", ""background-color"": ""#e74c3c""}"
fixtures/fidelity/pairwise/pairs-02.json,025_PW_Borders_Sizing_02.png,iOS,IOS-ODD,"[0.9573, 3.78]","[0.9578, 3.765]","[0.9997, 0.022]","{""iOS"": [390, 82], ""Android"": [390, 82], ""web"": [390, 82]}","{""iOS"": 2524, ""Android"": 2524, ""web"": 2524}","{""iOS"": [10, 10, 152, 62], ""Android"": [10, 10, 152, 62], ""web"": [10, 10, 152, 62]}",,,"{""outline-style"": ""ridge"", ""outline-width"": ""6px"", ""border-right-style"": ""double"", ""max-block-size"": ""50px"", ""block-size"": ""100px"", ""max-inline-size"": ""150px"", ""width"": ""140px"", ""background-color"": ""#e74c3c""}"
fixtures/fidelity/pairwise/pairs-02.json,026_PW_Borders_Sizing_03.png,web,WEB-ODD,"[1, 0]","[0.8757, 2.196]","[0.8757, 2.196]","{""iOS"": [390, 32], ""Android"": [390, 32], ""web"": [390, 32]}","{""iOS"": 0, ""Android"": 0, ""web"": 274}","{""iOS"": null, ""Android"": null, ""web"": [24, 22, 119, 7]}",,,"{""border-image-slice"": ""1"", ""border-right-style"": ""solid"", ""border-bottom-right-radius"": ""40px 50%"", ""min-inline-size"": ""250px"", ""block-size"": ""auto"", ""width"": ""140px"", ""background-color"": ""#3498db""}"
fixtures/fidelity/pairwise/pairs-02.json,027_PW_Borders_Sizing_04.png,iOS,IOS-ODD,"[0.9637, 3.403]","[0.964, 3.413]","[0.9999, 0.011]","{""iOS"": [390, 96], ""Android"": [390, 96], ""web"": [390, 96]}","{""iOS"": 1920, ""Android"": 1920, ""web"": 1920}","{""iOS"": [13, 13, 256, 70], ""Android"": [13, 13, 256, 70], ""web"": [13, 13, 256, 70]}",,,"{""border-right-width"": ""0.25rem"", ""outline-style"": ""groove"", ""border-left-color"": ""#c0392b"", ""max-inline-size"": ""150px"", ""min-inline-size"": ""250px"", ""width"": ""200px"", ""height"": ""64px"", ""background-color"": ""#9b59b6""}"
fixtures/fidelity/pairwise/pairs-02.json,034_PW_Borders_Transforms_03.png,three-way,THREE-WAY-ODD,"[0.8225, 7.462]","[0.9663, 3.229]","[0.8276, 6.428]","{""iOS"": [390, 128], ""Android"": [390, 128], ""web"": [390, 128]}","{""iOS"": 1277, ""Android"": 1114, ""web"": 1116}","{""iOS"": [30, 5, 134, 118], ""Android"": [40, 12, 132, 103], ""web"": [30, 5, 135, 118]}",,,"{""border-top-color"": ""rgba(30, 144, 255, 0.5)"", ""border-top-width"": ""3px"", ""outline-style"": ""ridge"", ""transform-style"": ""flat"", ""transform"": ""perspective(500px) rotateY(45deg)"", ""width"": ""180px"", ""height"": ""96px"", ""background-color"": ""#9b59b6""}"
fixtures/fidelity/pairwise/pairs-02.json,036_PW_Borders_Typography_01.png,iOS,IOS-ODD,"[0.9781, 2.308]","[0.9781, 2.308]","[1, 0]","{""iOS"": [390, 128], ""Android"": [390, 128], ""web"": [390, 128]}","{""iOS"": 1152, ""Android"": 0, ""web"": 0}","{""iOS"": [16, 16, 140, 96], ""Android"": [16, 16, 140, 96], ""web"": [16, 16, 140, 96]}",,,"{""border-inline-end-width"": ""12px"", ""border-left-style"": ""hidden"", ""caret-color"": ""blue"", ""line-height-step"": ""1em"", ""font-variant-east-asian"": ""ruby"", ""width"": ""140px"", ""height"": ""96px"", ""background-color"": ""#3498db""}"
fixtures/fidelity/pairwise/pairs-02.json,038_PW_Borders_Typography_03.png,web,WEB-ODD,"[0.9966, 0.041]","[0.9637, 2.818]","[0.9664, 2.788]","{""iOS"": [390, 112], ""Android"": [390, 112], ""web"": [390, 112]}","{""iOS"": 0, ""Android"": 18, ""web"": 77}","{""iOS"": [16, 16, 180, 80], ""Android"": [16, 16, 180, 80], ""web"": [16, 16, 180, 80]}",,,"{""corner-shape"": ""notch"", ""outline-width"": ""thick"", ""border-start-start-radius"": ""40px 50%"", ""font-variant-emoji"": ""normal"", ""text-spacing"": ""normal"", ""block-ellipsis"": ""\""\u2192\"""", ""width"": ""180px"", ""height"": ""80px"", ""background-color"": ""#1abc9c""}"
fixtures/fidelity/pairwise/pairs-03.json,005_PW_Color_Layout_02.png,web,SIZE-MISMATCH,"[1, 0]","[0.9686, 4.762]","[0.9687, 4.762]","{""iOS"": [390, 80], ""Android"": [390, 80], ""web"": [390, 84]}","{""iOS"": 0, ""Android"": 0, ""web"": 0}","{""iOS"": [16, 16, 140, 48], ""Android"": [16, 16, 140, 48], ""web"": [16, 16, 140, 48]}",,,"{""accent-color"": ""auto"", ""opacity"": ""1.5"", ""display"": ""inline-block"", ""grid-template-areas"": ""none"", ""width"": ""140px"", ""height"": ""48px"", ""background-color"": ""#f39c12""}"
fixtures/fidelity/pairwise/pairs-03.json,006_PW_Color_Layout_03.png,three-way,THREE-WAY-ODD,"[0.9926, 22.647]","[0.9966, 22.383]","[0.9902, 26.465]","{""iOS"": [390, 112], ""Android"": [390, 112], ""web"": [390, 112]}","{""iOS"": 0, ""Android"": 0, ""web"": 0}","{""iOS"": [0, 0, 174, 112], ""Android"": [9, 9, 154, 94], ""web"": [0, 0, 191, 112]}",,,"{""color-scheme"": ""dark"", ""filter"": ""drop-shadow(0 0 20px red) blur(4px)"", ""background-blend-mode"": ""difference"", ""grid-auto-flow"": ""column"", ""anchor-scope"": ""none"", ""flex-wrap"": ""wrap-reverse"", ""width"": ""140px"", ""height"": ""80px"", ""background-color"": ""#f39c12""}"
fixtures/fidelity/pairwise/pairs-03.json,007_PW_Color_Layout_04.png,Android,ANDROID-ODD,"[0.8749, 20.66]","[0.9983, 1.488]","[0.8642, 22.043]","{""iOS"": [390, 96], ""Android"": [390, 96], ""web"": [390, 96]}","{""iOS"": 0, ""Android"": 0, ""web"": 0}","{""iOS"": [9, 9, 194, 78], ""Android"": [16, 16, 180, 64], ""web"": [9, 9, 194, 78]}",,,"{""background-blend-mode"": ""difference"", ""filter"": ""brightness(2) blur(4px)"", ""position-try-fallbacks"": ""--a, --b"", ""position-area"": ""top"", ""flex-grow"": ""2"", ""width"": ""180px"", ""height"": ""64px"", ""background-color"": ""#1abc9c""}"
fixtures/fidelity/pairwise/pairs-03.json,021_PW_Color_Spacing_02.png,three-way,SIZE-MISMATCH,"[0.986, 7.877]","[0.8936, 15.625]","[0.8802, 22.72]","{""iOS"": [390, 128], ""Android"": [390, 128], ""web"": [390, 108]}","{""iOS"": 0, ""Android"": 0, ""web"": 0}","{""iOS"": [16, 0, 240, 92], ""Android"": [16, 16, 240, 76], ""web"": [16, 0, 240, 92]}",,,"{""color-scheme"": ""dark"", ""mix-blend-mode"": ""multiply"", ""filter"": ""blur(2px) brightness(1.1) contrast(1.2) saturate(1.3) hue-rotate(30deg)"", ""margin-top"": ""-20px"", ""padding-right"": ""30px"", ""width"": ""240px"", ""height"": ""96px"", ""background-color"": ""#9b59b6""}"
fixtures/fidelity/pairwise/pairs-03.json,030_PW_Color_Typography_03.png,Android,ANDROID-ODD,"[0.9318, 1.146]","[0.9587, 0.905]","[0.9319, 1.146]","{""iOS"": [390, 128], ""Android"": [390, 128], ""web"": [390, 128]}","{""iOS"": 0, ""Android"": 286, ""web"": 0}","{""iOS"": [16, 16, 200, 96], ""Android"": [16, 16, 339, 96], ""web"": [16, 16, 200, 96]}",,,"{""background-blend-mode"": ""overlay"", ""color"": ""white"", ""opacity"": ""0.75"", ""direction"": ""rtl"", ""dominant-baseline"": ""text-top"", ""font-palette"": ""light"", ""width"": ""200px"", ""height"": ""96px"", ""background-color"": ""#e74c3c""}"
fixtures/fidelity/pairwise/pairs-03.json,031_PW_Color_Typography_04.png,three-way,THREE-WAY-ODD,"[0.9692, 4.771]","[0.9945, 33.832]","[0.9626, 37.342]","{""iOS"": [390, 112], ""Android"": [390, 112], ""web"": [390, 112]}","{""iOS"": 0, ""Android"": 0, ""web"": 0}","{""iOS"": [12, 12, 188, 88], ""Android"": [16, 16, 180, 80], ""web"": [12, 12, 188, 88]}",,,"{""background-color"": ""color(srgb 0.9 0.3 0.4)"", ""filter"": ""blur(2px) brightness(1.1) contrast(1.2) saturate(1.3) hue-rotate(30deg)"", ""max-lines"": ""2"", ""font-weight"": ""1000"", ""font-synthesis-style"": ""auto"", ""width"": ""180px"", ""height"": ""80px""}"
fixtures/fidelity/pairwise/pairs-04.json,014_PW_Effects_Transforms_03.png,three-way,THREE-WAY-ODD,"[0.7399, 16.654]","[0.8769, 10.474]","[0.6844, 22.439]","{""iOS"": [390, 80], ""Android"": [390, 80], ""web"": [390, 80]}","{""iOS"": 0, ""Android"": 0, ""web"": 0}","{""iOS"": [61, 16, 135, 48], ""Android"": [16, 0, 180, 80], ""web"": [61, 0, 180, 80]}",,,"{""overflow-inline"": ""auto"", ""mask-position"": ""10px 20px"", ""overflow-y"": ""auto"", ""transform"": ""skewY(20deg)"", ""translate"": ""25%"", ""transform-box"": ""content-box"", ""width"": ""180px"", ""height"": ""48px"", ""background-color"": ""#e67e22""}"
fixtures/fidelity/pairwise/pairs-04.json,037_PW_Images_Spacing_02.png,web,SIZE-MISMATCH,"[1, 0]","[0.9205, 11.976]","[0.9205, 11.976]","{""iOS"": [390, 167], ""Android"": [390, 167], ""web"": [390, 147]}","{""iOS"": 0, ""Android"": 0, ""web"": 0}","{""iOS"": [16, 0, 240, 131], ""Android"": [16, 0, 240, 131], ""web"": [16, 0, 240, 131]}",,,"{""object-view-box"": ""none"", ""object-fit"": ""fill"", ""object-position"": ""25% 75%"", ""aspect-ratio"": ""16/9"", ""min-height"": ""80px"", ""margin-top"": ""-20px"", ""width"": ""240px"", ""background-color"": ""#9b59b6""}"
fixtures/fidelity/pairwise/pairs-04.json,040_PW_Images_Transforms_01.png,Android,ANDROID-ODD,"[0.9041, 2.208]","[1, 0]","[0.9042, 2.208]","{""iOS"": [390, 128], ""Android"": [390, 128], ""web"": [390, 128]}","{""iOS"": 0, ""Android"": 0, ""web"": 0}","{""iOS"": [46, 36, 180, 92], ""Android"": [43, 34, 186, 94], ""web"": [46, 36, 180, 92]}",,,"{""object-fit"": ""cover"", ""object-position"": ""right top"", ""translate"": ""10px 20px 30px"", ""perspective"": ""none"", ""transform"": ""translateX(20px)"", ""width"": ""180px"", ""height"": ""96px"", ""background-color"": ""#f39c12""}"
fixtures/fidelity/pairwise/pairs-04.json,043_PW_Images_Transforms_04.png,Android,ANDROID-ODD,"[0.8631, 8.196]","[1, 0]","[0.8631, 8.196]","{""iOS"": [390, 112], ""Android"": [390, 112], ""web"": [390, 112]}","{""iOS"": 0, ""Android"": 0, ""web"": 0}","{""iOS"": [36, 16, 180, 80], ""Android"": [16, 16, 180, 80], ""web"": [36, 16, 180, 80]}",,,"{""object-position"": ""center"", ""image-rendering"": ""auto"", ""perspective"": ""none"", ""scale"": ""-1 1"", ""translate"": ""20px"", ""width"": ""180px"", ""height"": ""80px"", ""background-color"": ""#e67e22""}"
fixtures/fidelity/pairwise/pairs-05.json,015_PW_Layout_Sizing_04.png,web,NATIVES-WIDER,"[1, 0]","[0.7192, 25.929]","[0.7192, 25.929]","{""iOS"": [390, 80], ""Android"": [390, 80], ""web"": [390, 80]}","{""iOS"": 0, ""Android"": 0, ""web"": 0}","{""iOS"": [16, 16, 150, 48], ""Android"": [16, 16, 150, 48], ""web"": [0, 0, 75, 24]}",,,"{""position-try-fallbacks"": ""--a, --b"", ""position-try-options"": ""flip-inline flip-start"", ""offset-path"": ""polygon(0% 0%, 100% 0%, 100% 100%)"", ""inline-size"": ""250px"", ""max-block-size"": ""50px"", ""max-inline-size"": ""150px"", ""height"": ""48px"", ""background-color"": ""#e67e22""}"
fixtures/fidelity/pairwise/pairs-05.json,018_PW_Layout_Spacing_03.png,web,SIZE-MISMATCH,"[0.9976, 0.052]","[0.9769, 3.012]","[0.9746, 3.064]","{""iOS"": [390, 332], ""Android"": [390, 332], ""web"": [390, 322]}","{""iOS"": 0, ""Android"": 0, ""web"": 0}","{""iOS"": [234, 6, 140, 300], ""Android"": [234, 6, 140, 300], ""web"": [234, 6, 140, 300]}",,,"{""justify-self"": ""end"", ""position-visibility"": ""no-overflow"", ""flex-basis"": ""content"", ""padding-right"": ""30px"", ""min-height"": ""300px"", ""margin-top"": ""-10px"", ""width"": ""140px"", ""height"": ""80px"", ""background-color"": ""#f39c12""}"
fixtures/fidelity/pairwise/pairs-05.json,026_PW_Layout_Typography_03.png,web,WEB-ODD,"[1, 0]","[0.9042, 1.878]","[0.9045, 1.878]","{""iOS"": [390, 80], ""Android"": [390, 80], ""web"": [390, 80]}","{""iOS"": 0, ""Android"": 0, ""web"": 293}","{""iOS"": [16, 16, 240, 48], ""Android"": [16, 16, 240, 48], ""web"": [16, 16, 240, 61]}",,,"{""grid-template-areas"": ""\""header header header\"" \""nav main main\"" \""nav footer footer\"""", ""z-index"": ""-1"", ""font-variant-east-asian"": ""simplified"", ""writing-mode"": ""sideways-lr"", ""width"": ""240px"", ""height"": ""48px"", ""background-color"": ""#3498db""}"
fixtures/fidelity/pairwise/pairs-06.json,022_PW_Sizing_Spacing_03.png,web,SIZE-MISMATCH,"[1, 0]","[0.7909, 42.068]","[0.7909, 42.068]","{""iOS"": [390, 182], ""Android"": [390, 182], ""web"": [390, 112]}","{""iOS"": 0, ""Android"": 0, ""web"": 0}","{""iOS"": [16, 16, 160, 150], ""Android"": [16, 16, 160, 150], ""web"": [16, 16, 160, 80]}",,,"{""block-size"": ""auto"", ""inline-size"": ""150px"", ""min-block-size"": ""80px"", ""height"": ""150px"", ""width"": ""10em"", ""background-color"": ""#e74c3c""}"
fixtures/fidelity/pairwise/pairs-06.json,027_PW_Sizing_Transforms_04.png,Android,SIZE-MISMATCH,"[0.6551, 39.721]","[0.995, 0.616]","[0.654, 39.922]","{""iOS"": [390, 112], ""Android"": [390, 82], ""web"": [390, 112]}","{""iOS"": 0, ""Android"": 0, ""web"": 0}","{""iOS"": [0, 24, 214, 64], ""Android"": [0, 21, 214, 40], ""web"": [0, 24, 214, 64]}",,,"{""min-block-size"": ""80px"", ""block-size"": ""auto"", ""max-block-size"": ""50px"", ""rotate"": ""none"", ""transform-style"": ""preserve-3d"", ""scale"": ""120% 80%"", ""width"": ""180px"", ""background-color"": ""#9b59b6""}"
fixtures/fidelity/pairwise/pairs-06.json,035_PW_Spacing_Transforms_04.png,Android,ANDROID-ODD,"[0.8135, 11.029]","[0.9973, 0.526]","[0.8116, 10.955]","{""iOS"": [390, 80], ""Android"": [390, 80], ""web"": [390, 80]}","{""iOS"": 0, ""Android"": 0, ""web"": 0}","{""iOS"": [22, 9, 128, 62], ""Android"": [19, 0, 134, 80], ""web"": [22, 9, 128, 62]}",,,"{""padding-right"": ""30px"", ""padding-bottom"": ""15px"", ""perspective"": ""1000px"", ""transform-origin"": ""50% 50%"", ""rotate"": ""1 1 0 45deg"", ""width"": ""140px"", ""height"": ""48px"", ""background-color"": ""#e67e22""}"
fixtures/fidelity/pairwise/pairs-06.json,040_PW_Transforms_Typography_01.png,Android,ANDROID-ODD,"[0.7158, 22.045]","[0.9965, 0.728]","[0.7137, 21.978]","{""iOS"": [390, 80], ""Android"": [390, 80], ""web"": [390, 80]}","{""iOS"": 0, ""Android"": 0, ""web"": 0}","{""iOS"": [29, 1, 214, 78], ""Android"": [62, 0, 148, 80], ""web"": [30, 2, 212, 76]}",,,"{""perspective"": ""0"", ""rotate"": ""1 1 0 45deg"", ""text-decoration-style"": ""wavy"", ""text-emphasis"": ""filled circle #e74c3c"", ""width"": ""240px"", ""height"": ""48px"", ""background-color"": ""#9b59b6""}"
fixtures/fidelity/pairwise/pairs-06.json,043_PW_Transforms_Typography_04.png,Android,ANDROID-ODD,"[0.7323, 23.838]","[1, 0]","[0.7324, 23.838]","{""iOS"": [390, 128], ""Android"": [390, 128], ""web"": [390, 128]}","{""iOS"": 0, ""Android"": 0, ""web"": 0}","{""iOS"": [76, 16, 240, 96], ""Android"": [16, 16, 240, 96], ""web"": [76, 16, 240, 96]}",,,"{""translate"": ""25%"", ""transform-box"": ""fill-box"", ""perspective"": ""none"", ""font-optical-sizing"": ""auto"", ""font-variant-ligatures"": ""no-common-ligatures no-contextual"", ""line-break"": ""anywhere"", ""width"": ""240px"", ""height"": ""96px"", ""background-color"": ""#2ecc71""}"
fixtures/fidelity/performance.combos.json,004_Performance_Decorated.png,web,WEB-LABEL-SPILL,"[0.9975, 0.893]","[0.9282, 1.34]","[0.9273, 2.192]","{""iOS"": [390, 62], ""Android"": [390, 62], ""web"": [390, 62]}","{""iOS"": 0, ""Android"": 0, ""web"": 259}","{""iOS"": [17, 16, 48, 30], ""Android"": [14, 16, 54, 30], ""web"": [16, 16, 146, 30]}",,,"{""background-color"": ""#16a085"", ""border-radius"": ""24px 8px"", ""box-shadow"": ""inset 0 2px 6px rgba(0,0,0,0.4)"", ""opacity"": ""0.85"", ""transform"": ""skewX(8deg)"", ""padding"": ""12px"", ""contain"": ""style"", ""contain-intrinsic-block-size"": ""180px""}"
fixtures/fidelity/print.combos.json,005_Print_Decorated.png,partial:Android-web,PARTIAL:ANDROID-WEB-ODD,"[0.9963, 1.489]","[0.9588, 0.719]","[0.9573, 2.048]","{""iOS"": [390, 72], ""Android"": [390, 72], ""web"": [390, 72]}","{""iOS"": 0, ""Android"": 0, ""web"": 144}","{""iOS"": [16, 16, 50, 40], ""Android"": [14, 14, 54, 44], ""web"": [16, 16, 116, 42]}",,,"{""background-color"": ""#e74c3c"", ""border-radius"": ""50%"", ""box-shadow"": ""inset 0 2px 6px rgba(0,0,0,0.4)"", ""opacity"": ""0.7"", ""transform"": ""rotate(6deg)"", ""padding"": ""20px"", ""bleed"": ""auto"", ""bookmark-label"": ""Chapter 1""}"
fixtures/fidelity/regions.combos.json,005_Regions_Decorated.png,three-way,THREE-WAY-ODD,"[0.9753, 6.687]","[0.9415, 0.993]","[0.9332, 7.519]","{""iOS"": [390, 62], ""Android"": [390, 62], ""web"": [390, 62]}","{""iOS"": 0, ""Android"": 71, ""web"": 1}","{""iOS"": [10, 11, 62, 40], ""Android"": [10, 11, 62, 40], ""web"": [10, 11, 132, 40]}",,,"{""background-color"": ""#e67e22"", ""border-radius"": ""24px 8px"", ""box-shadow"": ""0 0 0 3px #3498db"", ""opacity"": ""0.55"", ""transform"": ""scale(1.1)"", ""padding"": ""8px"", ""continue"": ""overflow"", ""copy-into"": ""sidebar""}"
fixtures/fidelity/rendering.combos.json,006_Rendering_Decorated.png,three-way,THREE-WAY-ODD,"[0.9832, 9.925]","[0.935, 1.296]","[0.9337, 10.858]","{""iOS"": [390, 72], ""Android"": [390, 72], ""web"": [390, 72]}","{""iOS"": 0, ""Android"": 0, ""web"": 230}","{""iOS"": [10, 10, 62, 52], ""Android"": [10, 10, 62, 52], ""web"": [10, 10, 159, 52]}",,,"{""background-color"": ""#3498db"", ""border-radius"": ""6px"", ""box-shadow"": ""0 0 0 3px #3498db"", ""opacity"": ""0.7"", ""transform"": ""scale(1.1)"", ""padding"": ""20px"", ""color-interpolation"": ""sRGB"", ""color-interpolation-filters"": ""auto""}"
fixtures/fidelity/scrolling.combos.json,014_Scrolling_Decorated.png,web,WEB-LABEL-SPILL,"[0.9978, 0.265]","[0.9418, 0.864]","[0.9419, 1.022]","{""iOS"": [390, 62], ""Android"": [390, 62], ""web"": [390, 62]}","{""iOS"": 0, ""Android"": 0, ""web"": 209}","{""iOS"": [22, 20, 50, 30], ""Android"": [22, 20, 51, 31], ""web"": [22, 20, 133, 30]}",,,"{""background-color"": ""#9b59b6"", ""border-radius"": ""50%"", ""box-shadow"": ""2px 2px 6px rgba(0,0,0,0.35)"", ""opacity"": ""0.7"", ""transform"": ""translate(6px, 4px)"", ""padding"": ""12px"", ""overflow-anchor"": ""auto"", ""overflow-clip-margin"": ""border-box""}"
fixtures/fidelity/shapes.combos.json,003_Shapes_Decorated.png,web,WEB-LABEL-SPILL,"[0.998, 0.889]","[0.9386, 1.162]","[0.9383, 1.839]","{""iOS"": [390, 64], ""Android"": [390, 64], ""web"": [390, 64]}","{""iOS"": 0, ""Android"": 0, ""web"": 208}","{""iOS"": [13, 14, 56, 36], ""Android"": [13, 14, 56, 36], ""web"": [13, 14, 140, 36]}",,,"{""background-color"": ""#9b59b6"", ""border-radius"": ""12px"", ""box-shadow"": ""inset 0 2px 6px rgba(0,0,0,0.4)"", ""opacity"": ""0.85"", ""transform"": ""scale(1.1)"", ""padding"": ""16px 24px"", ""shape-image-threshold"": ""1"", ""shape-inside"": ""none""}"
fixtures/fidelity/sizing.combos.json,002_Sizing_BoxModel.png,web,SIZE-MISMATCH,"[1, 0]","[0.7247, 30.192]","[0.7247, 30.192]","{""iOS"": [390, 80], ""Android"": [390, 80], ""web"": [390, 96]}","{""iOS"": 0, ""Android"": 0, ""web"": 0}","{""iOS"": [24, 24, 250, 32], ""Android"": [24, 24, 250, 32], ""web"": [24, 24, 250, 48]}",,,"{""width"": ""240px"", ""height"": ""48px"", ""padding"": ""12px"", ""margin"": ""8px"", ""border"": ""4px double #8e44ad"", ""background-color"": ""#9b59b6"", ""block-size"": ""auto"", ""inline-size"": ""250px""}"
fixtures/fidelity/spacing.combos.json,002_Spacing_C03_MarginInlineEnd.png,Android,ANDROID-ODD,"[0.8187, 13.718]","[1, 0]","[0.8187, 13.718]","{""iOS"": [390, 112], ""Android"": [390, 112], ""web"": [390, 112]}","{""iOS"": 0, ""Android"": 0, ""web"": 0}","{""iOS"": [56, 16, 140, 80], ""Android"": [20, 16, 140, 80], ""web"": [56, 16, 140, 80]}",,,"{""margin-inline-end"": ""20px"", ""margin-inline-start"": ""40px"", ""margin-left"": ""4px"", ""width"": ""140px"", ""height"": ""80px"", ""background-color"": ""#f39c12""}"
fixtures/fidelity/spacing.combos.json,003_Spacing_C04_MarginRight.png,web,SIZE-MISMATCH,"[1, 0]","[0.8942, 15.625]","[0.8942, 15.625]","{""iOS"": [390, 128], ""Android"": [390, 128], ""web"": [390, 108]}","{""iOS"": 0, ""Android"": 0, ""web"": 0}","{""iOS"": [16, 0, 200, 92], ""Android"": [16, 0, 200, 92], ""web"": [16, 0, 200, 92]}",,,"{""margin-right"": ""4px"", ""margin-top"": ""-20px"", ""margin-trim"": ""inline"", ""width"": ""200px"", ""height"": ""96px"", ""background-color"": ""#1abc9c""}"
fixtures/fidelity/spacing.combos.json,008_Spacing_BoxModel.png,web,WEB-ODD,"[1, 0]","[0.9981, 2.051]","[0.9984, 2.051]","{""iOS"": [390, 136], ""Android"": [390, 136], ""web"": [390, 136]}","{""iOS"": 0, ""Android"": 0, ""web"": 0}","{""iOS"": [22, 28, 200, 80], ""Android"": [22, 28, 200, 80], ""web"": [22, 28, 200, 80]}",,,"{""width"": ""200px"", ""height"": ""80px"", ""padding"": ""12px"", ""margin"": ""12px 6px"", ""border"": ""4px double #8e44ad"", ""background-color"": ""#3498db"", ""aspect-ratio"": ""auto"", ""gap"": ""20px""}"
fixtures/fidelity/speech.combos.json,010_Speech_Decorated.png,Android,ANDROID-ODD,"[0.9814, 8.657]","[0.9612, 0.627]","[0.946, 9.231]","{""iOS"": [390, 72], ""Android"": [390, 72], ""web"": [390, 72]}","{""iOS"": 0, ""Android"": 16, ""web"": 0}","{""iOS"": [19, 17, 56, 46], ""Android"": [19, 17, 56, 46], ""web"": [19, 17, 126, 46]}",,,"{""background-color"": ""#e67e22"", ""border-radius"": ""6px"", ""box-shadow"": ""0 0 0 3px #3498db"", ""opacity"": ""0.55"", ""transform"": ""translate(6px, 4px)"", ""padding"": ""20px"", ""azimuth"": ""far-left"", ""cue"": ""none""}"
fixtures/fidelity/tokens/calc-units.json,008_tokenMath.png,iOS,IOS-ODD,"[0.5846, 36.855]","[0.5846, 36.855]","[1, 0]","{""iOS"": [390, 60], ""Android"": [390, 60], ""web"": [390, 60]}","{""iOS"": 28, ""Android"": 0, ""web"": 0}","{""iOS"": [16, 16, 61, 28], ""Android"": [16, 16, 358, 28], ""web"": [16, 16, 358, 28]}",CU_NestedAndVar,,"{""width"": ""calc(var(--u) * 10)"", ""height"": ""28px"", ""background-color"": ""#16a085""}"
fixtures/fidelity/tokens/token-theme.json,001_a.png,web,SIZE-MISMATCH,"[1, 0]","[0.6638, 48.387]","[0.6638, 48.387]","{""iOS"": [390, 62], ""Android"": [390, 62], ""web"": [390, 32]}","{""iOS"": 18, ""Android"": 18, ""web"": 18}","{""iOS"": [24, 22, 5, 7], ""Android"": [24, 22, 5, 7], ""web"": [24, 22, 5, 7]}",TK_Palette,,"{""width"": ""var(--size)"", ""height"": ""var(--size)"", ""background-color"": ""var(--tile-a)""}"
fixtures/fidelity/tokens/token-theme.json,002_b.png,web,SIZE-MISMATCH,"[1, 0]","[0.6639, 48.387]","[0.6639, 48.387]","{""iOS"": [390, 62], ""Android"": [390, 62], ""web"": [390, 32]}","{""iOS"": 20, ""Android"": 20, ""web"": 20}","{""iOS"": [24, 22, 5, 7], ""Android"": [24, 22, 5, 7], ""web"": [24, 22, 5, 7]}",TK_Palette,,"{""width"": ""var(--size)"", ""height"": ""var(--size)"", ""background-color"": ""var(--tile-b)"", ""padding"": ""var(--pad)""}"
fixtures/fidelity/tokens/token-theme.json,003_c.png,web,SIZE-MISMATCH,"[1, 0]","[0.6638, 48.387]","[0.6638, 48.387]","{""iOS"": [390, 62], ""Android"": [390, 62], ""web"": [390, 32]}","{""iOS"": 13, ""Android"": 13, ""web"": 13}","{""iOS"": [24, 22, 5, 7], ""Android"": [24, 22, 5, 7], ""web"": [24, 22, 5, 7]}",TK_Palette,,"{""width"": ""var(--size)"", ""height"": ""var(--size)"", ""background-color"": ""var(--tile-c)"", ""border-radius"": ""var(--pad)""}"
fixtures/fidelity/tokens/token-theme.json,009_styled.png,Android,ANDROID-ODD,"[0.944, 1.754]","[0.9723, 1.538]","[0.937, 2.051]","{""iOS"": [390, 62], ""Android"": [390, 62], ""web"": [390, 62]}","{""iOS"": 373, ""Android"": 410, ""web"": 618}","{""iOS"": [20, 23, 135, 14], ""Android"": [20, 23, 136, 13], ""web"": [20, 23, 136, 14]}",TK_TextTokens,token ink and size,"{""color"": ""var(--ink)"", ""font-size"": ""var(--type)""}"
fixtures/fidelity/transforms.combos.json,005_Transforms_Decorated.png,web,WEB-LABEL-SPILL,"[0.9995, 0.08]","[0.9437, 1.33]","[0.9432, 1.458]","{""iOS"": [390, 64], ""Android"": [390, 64], ""web"": [390, 64]}","{""iOS"": 0, ""Android"": 0, ""web"": 0}","{""iOS"": [15, 16, 53, 32], ""Android"": [14, 16, 54, 32], ""web"": [14, 16, 155, 33]}",,,"{""background-color"": ""#9b59b6"", ""border-radius"": ""6px"", ""box-shadow"": ""inset 0 2px 6px rgba(0,0,0,0.4)"", ""opacity"": ""0.55"", ""transform"": ""skewX(8deg)"", ""padding"": ""16px 24px"", ""backface-visibility"": ""hidden"", ""perspective"": ""500px""}"
fixtures/fidelity/trees/flex-column.json,000_FC_AlignSelf.png,iOS,IOS-ODD,"[0.9612, 3.66]","[0.9612, 3.66]","[1, 0]","{""iOS"": [390, 232], ""Android"": [390, 232], ""web"": [390, 232]}","{""iOS"": 0, ""Android"": 0, ""web"": 0}","{""iOS"": [16, 16, 200, 200], ""Android"": [16, 16, 200, 200], ""web"": [16, 16, 200, 200]}",,,"{""width"": ""200px"", ""display"": ""flex"", ""flex-direction"": ""column"", ""gap"": ""6px"", ""padding"": ""6px"", ""background-color"": ""#1f2937"", ""height"": ""200px"", ""align-items"": ""center""}"
fixtures/fidelity/trees/inheritance-color.json,003_IH_FontSize.png,web,SIZE-MISMATCH,"[0.9937, 0.491]","[0.9598, 2.461]","[0.9638, 2.402]","{""iOS"": [390, 117], ""Android"": [390, 117], ""web"": [390, 116]}","{""iOS"": 822, ""Android"": 883, ""web"": 1088}","{""iOS"": [16, 16, 260, 85], ""Android"": [16, 16, 260, 85], ""web"": [16, 16, 260, 84]}",,,"{""width"": ""260px"", ""padding"": ""10px"", ""color"": ""#f9fafb"", ""font-size"": ""22px"", ""background-color"": ""#1f2937""}"
fixtures/fidelity/trees/inheritance-color.json,006_IH_LineHeight.png,three-way,SIZE-MISMATCH,"[0.9238, 3.942]","[0.8821, 6.527]","[0.9595, 4.439]","{""iOS"": [390, 158], ""Android"": [390, 157], ""web"": [390, 155]}","{""iOS"": 1618, ""Android"": 1936, ""web"": 2663}","{""iOS"": [16, 16, 220, 126], ""Android"": [16, 16, 220, 125], ""web"": [16, 16, 220, 123]}",,,"{""width"": ""220px"", ""padding"": ""10px"", ""color"": ""#f9fafb"", ""font-size"": ""14px"", ""line-height"": ""2"", ""background-color"": ""#1f2937""}"
fixtures/fidelity/trees/inheritance-color.json,007_plain.png,three-way,SIZE-MISMATCH,"[0.8806, 5.167]","[0.9765, 3.487]","[0.889, 3.843]","{""iOS"": [390, 79], ""Android"": [390, 80], ""web"": [390, 80]}","{""iOS"": 1202, ""Android"": 1313, ""web"": 1720}","{""iOS"": [20, 23, 338, 37], ""Android"": [20, 22, 338, 37], ""web"": [20, 23, 338, 37]}",IH_Color,inherited color,{}
fixtures/fidelity/trees/inheritance-color.json,008_redeclared.png,three-way,SIZE-MISMATCH,"[0.8642, 6.715]","[0.8195, 9.322]","[0.9668, 4.945]","{""iOS"": [390, 79], ""Android"": [390, 77], ""web"": [390, 75]}","{""iOS"": 1047, ""Android"": 1207, ""web"": 1546}","{""iOS"": [20, 22, 318, 37], ""Android"": [20, 22, 318, 34], ""web"": [20, 21, 318, 34]}",IH_Color,redeclared color,"{""color"": ""#1a5276""}"
fixtures/fidelity/trees/inheritance-color.json,011_deep.png,Android,ANDROID-ODD,"[0.9202, 2.734]","[0.9845, 1.584]","[0.926, 2.49]","{""iOS"": [390, 62], ""Android"": [390, 62], ""web"": [390, 62]}","{""iOS"": 622, ""Android"": 644, ""web"": 840}","{""iOS"": [21, 23, 208, 17], ""Android"": [21, 23, 209, 16], ""web"": [20, 23, 210, 17]}",mid,inherited through two levels,{}
fixtures/fidelity/trees/inheritance-extended.json,007_IE_LeadingText.png,web,SIZE-MISMATCH,"[0.9953, 0.892]","[0.6837, 21.326]","[0.6842, 21.365]","{""iOS"": [390, 111], ""Android"": [390, 111], ""web"": [390, 103]}","{""iOS"": 0, ""Android"": 0, ""web"": 0}","{""iOS"": [16, 16, 260, 79], ""Android"": [16, 16, 260, 79], ""web"": [16, 16, 260, 71]}",,,"{""width"": ""260px"", ""padding"": ""10px"", ""color"": ""#1e8449"", ""font-size"": ""15px"", ""background-color"": ""#eafaf1""}"
fixtures/fidelity/trees/inheritance-extended.json,008_mid.png,web,SIZE-MISMATCH,"[0.9502, 1.837]","[0.649, 20.215]","[0.6521, 20.145]","{""iOS"": [390, 92], ""Android"": [390, 92], ""web"": [390, 84]}","{""iOS"": 46, ""Android"": 28, ""web"": 895}","{""iOS"": [16, 16, 217, 60], ""Android"": [16, 16, 217, 60], ""web"": [16, 16, 209, 52]}",IE_CurrentColorBorder,,"{""padding"": ""8px"", ""background-color"": ""#ffffff""}"
fixtures/fidelity/trees/inheritance-extended.json,010_IE_TextShadow.png,three-way,THREE-WAY-ODD,"[0.9368, 4.609]","[0.9857, 5.263]","[0.9402, 6.046]","{""iOS"": [390, 112], ""Android"": [390, 112], ""web"": [390, 112]}","{""iOS"": 977, ""Android"": 1009, ""web"": 1047}","{""iOS"": [16, 16, 260, 80], ""Android"": [16, 16, 260, 80], ""web"": [16, 16, 260, 80]}",,,"{""width"": ""260px"", ""padding"": ""10px"", ""font-size"": ""16px"", ""text-shadow"": ""2px 2px 3px #c0392b"", ""background-color"": ""#1f2937""}"
fixtures/fidelity/trees/inheritance-extended.json,011_plain.png,Android,ANDROID-ODD,"[0.933, 2.345]","[0.9864, 1.385]","[0.9367, 2.122]","{""iOS"": [390, 62], ""Android"": [390, 62], ""web"": [390, 62]}","{""iOS"": 523, ""Android"": 588, ""web"": 748}","{""iOS"": [21, 23, 175, 17], ""Android"": [21, 23, 175, 16], ""web"": [20, 23, 177, 17]}",mid,,"{""width"": ""120px"", ""height"": ""36px"", ""border"": ""3px solid"", ""margin-bottom"": ""8px""}"
fixtures/fidelity/trees/inheritance-extended.json,012_redeclared.png,Android,ANDROID-ODD,"[0.9373, 2.109]","[0.9867, 1.121]","[0.9417, 2.084]","{""iOS"": [390, 62], ""Android"": [390, 62], ""web"": [390, 62]}","{""iOS"": 419, ""Android"": 490, ""web"": 640}","{""iOS"": [21, 24, 154, 16], ""Android"": [21, 23, 154, 16], ""web"": [20, 24, 155, 16]}",mid,,"{""width"": ""120px"", ""height"": ""36px"", ""color"": ""#16a085"", ""border"": ""3px solid""}"
fixtures/fidelity/trees/inheritance-extended.json,013_IE_WrapChain.png,web,SIZE-MISMATCH,"[0.9954, 0.82]","[0.8134, 13.48]","[0.814, 13.455]","{""iOS"": [390, 112], ""Android"": [390, 112], ""web"": [390, 104]}","{""iOS"": 565, ""Android"": 666, ""web"": 604}","{""iOS"": [16, 16, 140, 80], ""Android"": [16, 16, 140, 80], ""web"": [16, 16, 140, 72]}",,,"{""width"": ""140px"", ""padding"": ""8px"", ""color"": ""#f9fafb"", ""font-size"": ""14px"", ""overflow-wrap"": ""break-word"", ""background-color"": ""#1f2937""}"
fixtures/fidelity/trees/inheritance-extended.json,014_mid.png,three-way,SIZE-MISMATCH,"[0.9399, 2.27]","[0.7222, 15.735]","[0.7329, 15.826]","{""iOS"": [390, 82], ""Android"": [390, 82], ""web"": [390, 74]}","{""iOS"": 627, ""Android"": 679, ""web"": 1039}","{""iOS"": [20, 27, 205, 35], ""Android"": [20, 27, 205, 35], ""web"": [20, 23, 201, 31]}",IE_CurrentColorBorder,,"{""padding"": ""8px"", ""background-color"": ""#ffffff""}"
fixtures/fidelity/trees/inheritance-typography.json,001_plain.png,Android,ANDROID-ODD,"[0.9342, 2.101]","[0.9881, 1.112]","[0.9394, 1.935]","{""iOS"": [390, 62], ""Android"": [390, 62], ""web"": [390, 62]}","{""iOS"": 467, ""Android"": 532, ""web"": 658}","{""iOS"": [21, 23, 158, 17], ""Android"": [21, 23, 158, 16], ""web"": [20, 23, 159, 17]}",IT_Family,inherited monospace,{}
fixtures/fidelity/trees/inheritance-typography.json,002_redeclared.png,three-way,THREE-WAY-ODD,"[0.9118, 2.142]","[0.8994, 2.279]","[0.9017, 2.225]","{""iOS"": [390, 62], ""Android"": [390, 62], ""web"": [390, 62]}","{""iOS"": 313, ""Android"": 384, ""web"": 380}","{""iOS"": [20, 23, 116, 13], ""Android"": [20, 22, 122, 14], ""web"": [20, 22, 100, 13]}",IT_Family,redeclared serif,"{""font-family"": ""serif""}"
fixtures/fidelity/trees/inheritance-typography.json,007_plain.png,Android,ANDROID-ODD,"[0.9467, 1.787]","[0.9905, 1.05]","[0.9495, 1.72]","{""iOS"": [390, 62], ""Android"": [390, 62], ""web"": [390, 62]}","{""iOS"": 386, ""Android"": 416, ""web"": 540}","{""iOS"": [21, 23, 129, 17], ""Android"": [21, 23, 129, 16], ""web"": [20, 23, 130, 17]}",IT_Family,inherited monospace,{}
fixtures/fidelity/trees/inheritance-typography.json,010_plain.png,Android,ANDROID-ODD,"[0.9431, 1.985]","[0.9882, 1.191]","[0.9466, 1.77]","{""iOS"": [390, 62], ""Android"": [390, 62], ""web"": [390, 62]}","{""iOS"": 451, ""Android"": 500, ""web"": 627}","{""iOS"": [21, 23, 144, 17], ""Android"": [21, 23, 144, 16], ""web"": [20, 23, 146, 17]}",IT_Family,inherited monospace,{}
fixtures/fidelity/trees/inheritance-typography.json,011_redeclared.png,Android,ANDROID-ODD,"[0.9373, 2.279]","[0.9877, 1.348]","[0.9423, 2.138]","{""iOS"": [390, 62], ""Android"": [390, 62], ""web"": [390, 62]}","{""iOS"": 438, ""Android"": 508, ""web"": 642}","{""iOS"": [21, 23, 148, 17], ""Android"": [21, 22, 148, 17], ""web"": [21, 23, 148, 17]}",IT_Family,redeclared serif,"{""font-family"": ""serif""}"
fixtures/fidelity/trees/mixed-direction.json,007_MD_ColumnWithRow.png,iOS,IOS-ODD,"[0.9667, 7.823]","[0.9667, 7.823]","[1, 0]","{""iOS"": [390, 118], ""Android"": [390, 118], ""web"": [390, 118]}","{""iOS"": 0, ""Android"": 0, ""web"": 0}","{""iOS"": [16, 16, 220, 86], ""Android"": [16, 16, 220, 86], ""web"": [16, 16, 220, 86]}",,,"{""display"": ""flex"", ""flex-direction"": ""column"", ""gap"": ""6px"", ""padding"": ""6px"", ""background-color"": ""#1f2937"", ""width"": ""220px""}"
fixtures/fidelity/trees/nested-3level.json,000_N3_ColumnOfRows.png,iOS,IOS-ODD,"[0.9142, 22.462]","[0.9142, 22.462]","[1, 0]","{""iOS"": [390, 140], ""Android"": [390, 140], ""web"": [390, 140]}","{""iOS"": 0, ""Android"": 0, ""web"": 0}","{""iOS"": [16, 16, 280, 108], ""Android"": [16, 16, 280, 108], ""web"": [16, 16, 280, 108]}",,,"{""width"": ""280px"", ""display"": ""flex"", ""flex-direction"": ""column"", ""gap"": ""8px"", ""padding"": ""8px"", ""background-color"": ""#1f2937""}"
fixtures/fidelity/typography.combos.json,001_Typography_C02_Direction.png,three-way,THREE-WAY-ODD,"[0.9024, 1.624]","[0.9329, 1.378]","[0.9027, 1.624]","{""iOS"": [390, 96], ""Android"": [390, 96], ""web"": [390, 96]}","{""iOS"": 0, ""Android"": 282, ""web"": 0}","{""iOS"": [16, 16, 240, 64], ""Android"": [16, 16, 373, 64], ""web"": [16, 16, 240, 64]}",,,"{""direction"": ""rtl"", ""dominant-baseline"": ""alphabetic"", ""dominant-baseline-adjust"": ""10%"", ""font-display"": ""block"", ""font-family"": ""\""Helvetica Neue\"", Helvetica, Arial, sans-serif"", ""width"": ""240px"", ""height"": ""64px"", ""background-color"": ""#2ecc71""}"
fixtures/fidelity/typography.combos.json,024_Typography_Decorated.png,web,WEB-LABEL-SPILL,"[0.9982, 0.252]","[0.9393, 1.059]","[0.9402, 1.191]","{""iOS"": [390, 62], ""Android"": [390, 62], ""web"": [390, 62]}","{""iOS"": 0, ""Android"": 0, ""web"": 190}","{""iOS"": [15, 16, 52, 30], ""Android"": [15, 15, 52, 32], ""web"": [15, 15, 135, 33]}",,,"{""background-color"": ""#f39c12"", ""border-radius"": ""24px 8px"", ""box-shadow"": ""0 4px 8px rgba(0,0,0,0.25)"", ""opacity"": ""0.7"", ""transform"": ""rotate(6deg)"", ""padding"": ""8px"", ""alignment-baseline"": ""alphabetic"", ""baseline-shift"": ""-0.2em""}"
fixtures/properties/columns/nested-multicol.json,000_Multicol_NestedMulticolChild_CaptureAlive.png,three-way,THREE-WAY-ODD,"[0.9733, 3.036]","[0.9599, 3.185]","[0.9581, 4.555]","{""iOS"": [390, 152], ""Android"": [390, 152], ""web"": [390, 152]}","{""iOS"": 24600, ""Android"": 24600, ""web"": 24600}","{""iOS"": [16, 16, 220, 120], ""Android"": [16, 16, 220, 120], ""web"": [16, 16, 220, 120]}",,,"{""width"": ""220px"", ""height"": ""120px"", ""column-count"": ""2"", ""column-gap"": ""10px"", ""background-color"": ""#e5e7eb""}"
fixtures/properties/columns/nested-multicol.json,001_inner.png,three-way,SIZE-MISMATCH,"[0.7255, 36.455]","[0.8772, 7.444]","[0.7266, 36.455]","{""iOS"": [390, 62], ""Android"": [390, 92], ""web"": [390, 62]}","{""iOS"": 0, ""Android"": 0, ""web"": 0}","{""iOS"": [16, 16, 212, 30], ""Android"": [16, 16, 30, 60], ""web"": [16, 16, 66, 30]}",Multicol_NestedMulticolChild_CaptureAlive,,"{""column-count"": ""2"", ""column-gap"": ""6px""}"
fixtures/properties/transforms/audit-phase12.json,000_Audit_ChainFive.png,Android,ANDROID-ODD,"[0.9027, 3.187]","[0.9889, 0.355]","[0.9083, 2.878]","{""iOS"": [390, 112], ""Android"": [390, 112], ""web"": [390, 112]}","{""iOS"": 0, ""Android"": 0, ""web"": 0}","{""iOS"": [28, 0, 136, 112], ""Android"": [29, 1, 134, 111], ""web"": [28, 0, 136, 112]}",,,"{""width"": ""120px"", ""height"": ""80px"", ""background-color"": ""#3498db"", ""transform"": ""translateX(20px) rotate(15deg) scale(1.1) skewX(5deg) rotateY(20deg)""}"
fixtures/properties/transforms/audit-phase12.json,001_Audit_Matrix_SkewTrans.png,three-way,THREE-WAY-ODD,"[0.9276, 2.495]","[0.8758, 4.986]","[0.8928, 3.498]","{""iOS"": [390, 112], ""Android"": [390, 112], ""web"": [390, 112]}","{""iOS"": 0, ""Android"": 0, ""web"": 0}","{""iOS"": [32, 45, 135, 67], ""Android"": [33, 40, 135, 72], ""web"": [38, 34, 136, 78]}",,,"{""width"": ""120px"", ""height"": ""80px"", ""background-color"": ""#e74c3c"", ""transform"": ""matrix(1, 0.2, -0.2, 1, 30, 30)""}"
fixtures/properties/transforms/audit-phase12.json,002_Audit_Matrix3dIdentityT.png,Android,ANDROID-ODD,"[0.7925, 12.582]","[1, 0]","[0.7926, 12.582]","{""iOS"": [390, 112], ""Android"": [390, 112], ""web"": [390, 112]}","{""iOS"": 0, ""Android"": 0, ""web"": 0}","{""iOS"": [36, 26, 120, 80], ""Android"": [16, 16, 120, 80], ""web"": [36, 26, 120, 80]}",,,"{""width"": ""120px"", ""height"": ""80px"", ""background-color"": ""#2ecc71"", ""transform"": ""matrix3d(1,0,0,0, 0,1,0,0, 0,0,1,0, 20,10,0,1)""}"
fixtures/properties/transforms/audit-phase12.json,003_Audit_InlinePerspective.png,Android,ANDROID-ODD,"[0.9225, 1.98]","[0.997, 0.25]","[0.921, 1.765]","{""iOS"": [390, 112], ""Android"": [390, 112], ""web"": [390, 112]}","{""iOS"": 0, ""Android"": 0, ""web"": 0}","{""iOS"": [30, 12, 85, 88], ""Android"": [33, 16, 86, 80], ""web"": [29, 12, 87, 88]}",,,"{""width"": ""120px"", ""height"": ""80px"", ""background-color"": ""#9b59b6"", ""transform"": ""perspective(500px) rotateY(45deg)""}"
fixtures/properties/transforms/audit-phase12.json,015_Audit_OrderSensitive.png,Android,ANDROID-ODD,"[0.8605, 6.889]","[0.9949, 0.547]","[0.8574, 6.779]","{""iOS"": [390, 112], ""Android"": [390, 112], ""web"": [390, 112]}","{""iOS"": 0, ""Android"": 0, ""web"": 0}","{""iOS"": [0, 0, 161, 112], ""Android"": [0, 1, 175, 110], ""web"": [0, 0, 161, 112]}",,,"{""width"": ""120px"", ""height"": ""80px"", ""background-color"": ""#f1c40f"", ""transform"": ""rotate(30deg) scale(1.5, 0.8) skewX(10deg)""}"
fixtures/properties/transforms/audit-phase12.json,016_Audit_Perspective_Zero.png,web,WEB-ODD,"[0.9998, 0]","[0.7988, 19.077]","[0.7995, 19.087]","{""iOS"": [390, 112], ""Android"": [390, 112], ""web"": [390, 112]}","{""iOS"": 8320, ""Android"": 8320, ""web"": 8568}","{""iOS"": [23, 15, 106, 82], ""Android"": [24, 16, 104, 80], ""web"": [0, 0, 78, 112]}",,,"{""width"": ""120px"", ""height"": ""80px"", ""background-color"": ""#bdc3c7"", ""perspective"": ""0"", ""transform"": ""rotateY(30deg)""}"
fixtures/properties/transforms/perspective-origin.json,000_PerspOrigin_Center.png,Android,ANDROID-ODD,"[0.9202, 1.717]","[0.9976, 0.449]","[0.9186, 1.493]","{""iOS"": [390, 112], ""Android"": [390, 112], ""web"": [390, 112]}","{""iOS"": 0, ""Android"": 0, ""web"": 0}","{""iOS"": [21, 13, 104, 86], ""Android"": [24, 16, 104, 80], ""web"": [20, 13, 105, 86]}",,,"{""width"": ""120px"", ""height"": ""80px"", ""background-color"": ""#3498db"", ""perspective"": ""500px"", ""perspective-origin"": ""center"", ""transform"": ""rotateY(30deg)""}"
fixtures/properties/transforms/perspective-origin.json,001_PerspOrigin_CenterCenter.png,Android,ANDROID-ODD,"[0.9213, 1.735]","[0.9977, 0.481]","[0.9198, 1.506]","{""iOS"": [390, 112], ""Android"": [390, 112], ""web"": [390, 112]}","{""iOS"": 0, ""Android"": 0, ""web"": 0}","{""iOS"": [21, 13, 104, 86], ""Android"": [24, 16, 104, 80], ""web"": [20, 13, 105, 86]}",,,"{""width"": ""120px"", ""height"": ""80px"", ""background-color"": ""#e74c3c"", ""perspective"": ""500px"", ""perspective-origin"": ""center center"", ""transform"": ""rotateY(30deg)""}"
fixtures/properties/transforms/perspective-origin.json,002_PerspOrigin_TopLeft.png,Android,ANDROID-ODD,"[0.919, 1.646]","[0.9976, 0.426]","[0.9174, 1.433]","{""iOS"": [390, 112], ""Android"": [390, 112], ""web"": [390, 112]}","{""iOS"": 0, ""Android"": 0, ""web"": 0}","{""iOS"": [21, 13, 104, 86], ""Android"": [24, 16, 104, 80], ""web"": [20, 13, 105, 86]}",,,"{""width"": ""120px"", ""height"": ""80px"", ""background-color"": ""#2ecc71"", ""perspective"": ""500px"", ""perspective-origin"": ""top left"", ""transform"": ""rotateY(30deg)""}"
fixtures/properties/transforms/perspective-origin.json,003_PerspOrigin_BottomRight.png,Android,ANDROID-ODD,"[0.9218, 1.708]","[0.9975, 0.419]","[0.9204, 1.495]","{""iOS"": [390, 112], ""Android"": [390, 112], ""web"": [390, 112]}","{""iOS"": 0, ""Android"": 0, ""web"": 0}","{""iOS"": [21, 13, 104, 86], ""Android"": [24, 16, 104, 80], ""web"": [20, 13, 105, 86]}",,,"{""width"": ""120px"", ""height"": ""80px"", ""background-color"": ""#9b59b6"", ""perspective"": ""500px"", ""perspective-origin"": ""bottom right"", ""transform"": ""rotateY(30deg)""}"
fixtures/properties/transforms/perspective-origin.json,004_PerspOrigin_Pcts.png,Android,ANDROID-ODD,"[0.9194, 1.614]","[0.9976, 0.35]","[0.9179, 1.383]","{""iOS"": [390, 112], ""Android"": [390, 112], ""web"": [390, 112]}","{""iOS"": 0, ""Android"": 0, ""web"": 0}","{""iOS"": [21, 13, 104, 86], ""Android"": [24, 16, 104, 80], ""web"": [20, 13, 105, 86]}",,,"{""width"": ""120px"", ""height"": ""80px"", ""background-color"": ""#f39c12"", ""perspective"": ""500px"", ""perspective-origin"": ""25% 75%"", ""transform"": ""rotateY(30deg)""}"
fixtures/properties/transforms/perspective-origin.json,005_PerspOrigin_Lengths.png,Android,ANDROID-ODD,"[0.9201, 1.701]","[0.9976, 0.446]","[0.9186, 1.467]","{""iOS"": [390, 112], ""Android"": [390, 112], ""web"": [390, 112]}","{""iOS"": 0, ""Android"": 0, ""web"": 0}","{""iOS"": [21, 13, 104, 86], ""Android"": [24, 16, 104, 80], ""web"": [20, 13, 105, 86]}",,,"{""width"": ""120px"", ""height"": ""80px"", ""background-color"": ""#1abc9c"", ""perspective"": ""500px"", ""perspective-origin"": ""20px 40px"", ""transform"": ""rotateY(30deg)""}"
fixtures/properties/transforms/perspective.json,001_Perspective_500px.png,Android,ANDROID-ODD,"[0.9218, 1.71]","[0.9976, 0.467]","[0.9204, 1.529]","{""iOS"": [390, 112], ""Android"": [390, 112], ""web"": [390, 112]}","{""iOS"": 0, ""Android"": 0, ""web"": 0}","{""iOS"": [21, 13, 104, 86], ""Android"": [24, 16, 104, 80], ""web"": [20, 13, 105, 86]}",,,"{""width"": ""120px"", ""height"": ""80px"", ""background-color"": ""#e74c3c"", ""perspective"": ""500px"", ""transform"": ""rotateY(30deg)""}"
fixtures/properties/transforms/perspective.json,002_Perspective_1000px.png,Android,ANDROID-ODD,"[0.9479, 1.007]","[0.9962, 0.254]","[0.9498, 0.794]","{""iOS"": [390, 112], ""Android"": [390, 112], ""web"": [390, 112]}","{""iOS"": 0, ""Android"": 0, ""web"": 0}","{""iOS"": [22, 15, 104, 82], ""Android"": [24, 16, 104, 80], ""web"": [22, 14, 105, 84]}",,,"{""width"": ""120px"", ""height"": ""80px"", ""background-color"": ""#2ecc71"", ""perspective"": ""1000px"", ""transform"": ""rotateY(30deg)""}"
fixtures/properties/transforms/perspective.json,003_Perspective_Zero.png,web,WEB-ODD,"[0.9999, 0.03]","[0.8227, 19.245]","[0.8231, 19.061]","{""iOS"": [390, 112], ""Android"": [390, 112], ""web"": [390, 112]}","{""iOS"": 0, ""Android"": 0, ""web"": 0}","{""iOS"": [23, 15, 106, 82], ""Android"": [24, 16, 104, 80], ""web"": [0, 0, 78, 112]}",,,"{""width"": ""120px"", ""height"": ""80px"", ""background-color"": ""#9b59b6"", ""perspective"": ""0"", ""transform"": ""rotateY(30deg)""}"
fixtures/properties/transforms/rotate-longhand.json,008_Rotate_XYZ_Angle.png,Android,ANDROID-ODD,"[0.8656, 7.127]","[0.9985, 0.304]","[0.8646, 7.008]","{""iOS"": [390, 112], ""Android"": [390, 112], ""web"": [390, 112]}","{""iOS"": 0, ""Android"": 0, ""web"": 0}","{""iOS"": [19, 13, 114, 86], ""Android"": [5, 0, 142, 112], ""web"": [19, 13, 114, 86]}",,,"{""width"": ""120px"", ""height"": ""80px"", ""background-color"": ""#16a085"", ""rotate"": ""1 1 0 45deg""}"
fixtures/properties/transforms/transform-functions.json,003_Transform_TranslateZ.png,Android,ANDROID-ODD,"[0.9354, 1.055]","[1, 0]","[0.9355, 1.055]","{""iOS"": [390, 112], ""Android"": [390, 112], ""web"": [390, 112]}","{""iOS"": 0, ""Android"": 0, ""web"": 0}","{""iOS"": [16, 16, 120, 80], ""Android"": [14, 15, 124, 82], ""web"": [16, 16, 120, 80]}",,,"{""width"": ""120px"", ""height"": ""80px"", ""background-color"": ""#9b59b6"", ""transform"": ""translateZ(20px)""}"
fixtures/properties/transforms/transform-functions.json,006_Transform_Translate3d.png,Android,ANDROID-ODD,"[0.9366, 1.351]","[1, 0]","[0.9366, 1.351]","{""iOS"": [390, 112], ""Android"": [390, 112], ""web"": [390, 112]}","{""iOS"": 253, ""Android"": 20, ""web"": 253}","{""iOS"": [26, 36, 120, 76], ""Android"": [24, 34, 124, 78], ""web"": [26, 36, 120, 76]}",,,"{""width"": ""120px"", ""height"": ""80px"", ""background-color"": ""#34495e"", ""transform"": ""translate3d(10px, 20px, 30px)""}"
fixtures/properties/transforms/transform-functions.json,013_Transform_Rotate3d.png,Android,ANDROID-ODD,"[0.8714, 5.456]","[0.9983, 0.339]","[0.8703, 5.371]","{""iOS"": [390, 112], ""Android"": [390, 112], ""web"": [390, 112]}","{""iOS"": 6647, ""Android"": 6720, ""web"": 6625}","{""iOS"": [19, 13, 114, 86], ""Android"": [33, 16, 86, 80], ""web"": [19, 13, 114, 86]}",,,"{""width"": ""120px"", ""height"": ""80px"", ""background-color"": ""#7f8c8d"", ""transform"": ""rotate3d(1, 1, 0, 45deg)""}"
fixtures/properties/transforms/transform-functions.json,023_Transform_Matrix.png,three-way,THREE-WAY-ODD,"[0.8937, 3.624]","[0.8686, 5.639]","[0.9073, 2.257]","{""iOS"": [390, 112], ""Android"": [390, 112], ""web"": [390, 112]}","{""iOS"": 0, ""Android"": 0, ""web"": 0}","{""iOS"": [10, 35, 137, 77], ""Android"": [14, 26, 136, 86], ""web"": [18, 24, 136, 88]}",,,"{""width"": ""120px"", ""height"": ""80px"", ""background-color"": ""#16a085"", ""transform"": ""matrix(1, 0.2, -0.2, 1, 10, 20)""}"
fixtures/properties/transforms/transform-functions.json,024_Transform_Matrix3d.png,Android,ANDROID-ODD,"[0.8024, 12.603]","[1, 0]","[0.8024, 12.603]","{""iOS"": [390, 112], ""Android"": [390, 112], ""web"": [390, 112]}","{""iOS"": 0, ""Android"": 0, ""web"": 0}","{""iOS"": [36, 26, 120, 80], ""Android"": [16, 16, 120, 80], ""web"": [36, 26, 120, 80]}",,,"{""width"": ""120px"", ""height"": ""80px"", ""background-color"": ""#d35400"", ""transform"": ""matrix3d(1,0,0,0, 0,1,0,0, 0,0,1,0, 20,10,0,1)""}"
fixtures/properties/transforms/transform-functions.json,025_Transform_Perspective.png,Android,ANDROID-ODD,"[0.9236, 1.754]","[0.9978, 0.458]","[0.9224, 1.58]","{""iOS"": [390, 112], ""Android"": [390, 112], ""web"": [390, 112]}","{""iOS"": 0, ""Android"": 0, ""web"": 0}","{""iOS"": [21, 13, 104, 86], ""Android"": [24, 16, 104, 80], ""web"": [20, 13, 105, 86]}",,,"{""width"": ""120px"", ""height"": ""80px"", ""background-color"": ""#2980b9"", ""transform"": ""perspective(500px) rotateY(30deg)""}"
fixtures/properties/transforms/transform-functions.json,027_Transform_ChainLong.png,Android,ANDROID-ODD,"[0.8747, 4.625]","[0.9926, 0.559]","[0.875, 4.46]","{""iOS"": [390, 112], ""Android"": [390, 112], ""web"": [390, 112]}","{""iOS"": 0, ""Android"": 0, ""web"": 0}","{""iOS"": [47, 6, 118, 100], ""Android"": [43, 13, 118, 99], ""web"": [47, 6, 118, 100]}",,,"{""width"": ""120px"", ""height"": ""80px"", ""background-color"": ""#8e44ad"", ""transform"": ""translateX(30px) rotate(15deg) scale(0.9) skewX(5deg)""}"
fixtures/properties/transforms/transform-origin.json,003_Origin_TopRight.png,web,WEB-ODD,"[0.9988, 0.318]","[0.7926, 18.844]","[0.7906, 18.89]","{""iOS"": [390, 112], ""Android"": [390, 112], ""web"": [390, 112]}","{""iOS"": 0, ""Android"": 0, ""web"": 0}","{""iOS"": [16, 19, 137, 93], ""Android"": [16, 18, 137, 94], ""web"": [0, 0, 136, 94]}",,,"{""width"": ""120px"", ""height"": ""80px"", ""background-color"": ""#9b59b6"", ""transform-origin"": ""top right"", ""transform"": ""rotate(15deg)""}"
fixtures/properties/transforms/transform-origin.json,004_Origin_BottomCenter.png,web,WEB-ODD,"[0.9989, 0.371]","[0.8131, 9.567]","[0.8125, 9.647]","{""iOS"": [390, 112], ""Android"": [390, 112], ""web"": [390, 112]}","{""iOS"": 0, ""Android"": 0, ""web"": 0}","{""iOS"": [9, 0, 138, 95], ""Android"": [9, 0, 138, 95], ""web"": [18, 3, 137, 109]}",,,"{""width"": ""120px"", ""height"": ""80px"", ""background-color"": ""#f39c12"", ""transform-origin"": ""bottom center"", ""transform"": ""rotate(15deg)""}"
fixtures/properties/transforms/translate-longhand.json,001_Translate_OneAxis_Px.png,Android,ANDROID-ODD,"[0.8788, 7.951]","[1, 0]","[0.8788, 7.951]","{""iOS"": [390, 112], ""Android"": [390, 112], ""web"": [390, 112]}","{""iOS"": 0, ""Android"": 0, ""web"": 0}","{""iOS"": [36, 16, 120, 80], ""Android"": [16, 16, 120, 80], ""web"": [36, 16, 120, 80]}",,,"{""width"": ""120px"", ""height"": ""80px"", ""background-color"": ""#e74c3c"", ""translate"": ""20px""}"
fixtures/properties/transforms/translate-longhand.json,002_Translate_OneAxis_Pct.png,Android,ANDROID-ODD,"[0.8453, 11.488]","[1, 0]","[0.8453, 11.488]","{""iOS"": [390, 112], ""Android"": [390, 112], ""web"": [390, 112]}","{""iOS"": 0, ""Android"": 0, ""web"": 0}","{""iOS"": [46, 16, 120, 80], ""Android"": [16, 16, 120, 80], ""web"": [46, 16, 120, 80]}",,,"{""width"": ""120px"", ""height"": ""80px"", ""background-color"": ""#2ecc71"", ""translate"": ""25%""}"
fixtures/properties/transforms/translate-longhand.json,006_Translate_ThreeAxis.png,Android,ANDROID-ODD,"[0.9374, 1.264]","[1, 0]","[0.9374, 1.264]","{""iOS"": [390, 112], ""Android"": [390, 112], ""web"": [390, 112]}","{""iOS"": 250, ""Android"": 18, ""web"": 250}","{""iOS"": [26, 36, 120, 76], ""Android"": [24, 34, 124, 78], ""web"": [26, 36, 120, 76]}",,,"{""width"": ""120px"", ""height"": ""80px"", ""background-color"": ""#34495e"", ""translate"": ""10px 20px 30px""}"
fixtures/properties/transforms/translate.json,001_Translate_OneAxis_Px.png,Android,ANDROID-ODD,"[0.8788, 7.951]","[1, 0]","[0.8788, 7.951]","{""iOS"": [390, 112], ""Android"": [390, 112], ""web"": [390, 112]}","{""Android"": 0, ""web"": 0}","{""Android"": [16, 16, 120, 80], ""web"": [36, 16, 120, 80]}",,,{}
fixtures/properties/transforms/translate.json,002_Translate_OneAxis_Pct.png,Android,ANDROID-ODD,"[0.8453, 11.488]","[1, 0]","[0.8453, 11.488]","{""iOS"": [390, 112], ""Android"": [390, 112], ""web"": [390, 112]}","{""Android"": 0, ""web"": 0}","{""Android"": [16, 16, 120, 80], ""web"": [46, 16, 120, 80]}",,,{}
fixtures/properties/transforms/translate.json,006_Translate_ThreeAxis.png,Android,ANDROID-ODD,"[0.9374, 1.264]","[1, 0]","[0.9374, 1.264]","{""iOS"": [390, 112], ""Android"": [390, 112], ""web"": [390, 112]}","{""Android"": 18, ""web"": 250}","{""Android"": [24, 34, 124, 78], ""web"": [26, 36, 120, 76]}",,,{}
